[
  {
    "id": 2176215,
    "imgUrls": [
      "//s.f.kz/prod/2177/2176215_550.jpg"
    ],
    "title": "Наследница черного дракона",
    "price": "2 622 ₸",
    "oldPrice": "3 278 ₸",
    "description": "твердый переплет, 2021Clever, #trendbooks",
    "rating": "4.9",
    "reviewsCount": "25 отзывов",
    "tags": [],
    "subsection": 1
  },
  {
    "id": 2126908,
    "imgUrls": [
      "//s.f.kz/prod/2127/2126908_550.jpg"
    ],
    "title": "Непрожитая жизнь",
    "price": "2 379 ₸",
    "oldPrice": "3 399 ₸",
    "description": "твердый переплет, 2021Clever, #trendbooks",
    "rating": "5.0",
    "reviewsCount": "9 отзывов",
    "tags": [],
    "subsection": 1
  },
  {
    "id": 1259878,
    "imgUrls": [
      "//s.f.kz/prod/1260/1259878_550.jpg"
    ],
    "title": "#ЛюбовьНенависть",
    "price": "2 022 ₸",
    "oldPrice": "2 888 ₸",
    "description": "мягкая обложка, 2018Clever, trendbooks",
    "rating": "4.7",
    "reviewsCount": "82 отзыва",
    "tags": [],
    "subsection": 1
  },
  {
    "id": 3167544,
    "imgUrls": [
      "//s.f.kz/prod/3168/3167544_550.jpg",
      "//s.f.kz/prod/photo/4709/4708016_550.jpg",
      "//s.f.kz/prod/photo/4709/4708017_550.jpg",
      "//s.f.kz/prod/photo/4709/4708018_550.jpg"
    ],
    "title": "Валентин",
    "price": "3 671 ₸",
    "oldPrice": "5 244 ₸",
    "description": "твердый переплет, 2023Clever, #trendbooks",
    "rating": "",
    "reviewsCount": "",
    "tags": [],
    "subsection": 1
  },
  {
    "id": 3167539,
    "imgUrls": [
      "//s.f.kz/prod/3168/3167539_550.jpg",
      "//s.f.kz/prod/photo/4709/4708009_550.jpg",
      "//s.f.kz/prod/photo/4709/4708010_550.jpg",
      "//s.f.kz/prod/photo/4709/4708011_550.jpg"
    ],
    "title": "Будь моим",
    "price": "2 971 ₸",
    "oldPrice": "4 245 ₸",
    "description": "твердый переплет, 2023Clever, #trendbooks",
    "rating": "5.0",
    "reviewsCount": "1 отзыв",
    "tags": [],
    "subsection": 1
  },
  {
    "id": 1767439,
    "imgUrls": [
      "//s.f.kz/prod/1768/1767439_550.jpg"
    ],
    "title": "#ЛюбовьНенависть",
    "price": "2 144 ₸",
    "oldPrice": "3 063 ₸",
    "description": "твердый переплет, 2020Clever, #trendbooks",
    "rating": "4.9",
    "reviewsCount": "23 отзыва",
    "tags": [],
    "subsection": 1
  },
  {
    "id": 1050200,
    "imgUrls": [
      "//s.f.kz/prod/1051/1050200_550.jpg"
    ],
    "title": "Экономика впечатлений",
    "price": "3 888 ₸",
    "oldPrice": "4 860 ₸",
    "description": "твердый переплет, 2022Альпина Паблишер, Маркетинг",
    "rating": "5.0",
    "reviewsCount": "4 отзыва",
    "tags": [],
    "subsection": 1
  },
  {
    "id": 2231122,
    "imgUrls": [
      "//s.f.kz/prod/2232/2231122_550.jpg",
      "//s.f.kz/prod/photo/2230/2229776_550.jpg"
    ],
    "title": "Шум. Несовершенство человеческих суждений",
    "price": "4 891 ₸",
    "oldPrice": "",
    "description": "твердый переплет, 2021АСТ, Думай и Решай",
    "rating": "",
    "reviewsCount": "",
    "tags": [],
    "subsection": 1
  },
  {
    "id": 158955,
    "imgUrls": [
      "//s.f.kz/prod/159/158955_550.jpg",
      "//s.f.kz/prod/photo/41/40462_550.jpg",
      "//s.f.kz/prod/photo/41/40463_550.jpg",
      "//s.f.kz/prod/photo/41/40464_550.jpg"
    ],
    "title": "Восьмой навык",
    "price": "2 222 ₸",
    "oldPrice": "2 777 ₸",
    "description": "мягкая обложка, 2022Альпина Паблишер, Библиотека MTI",
    "rating": "",
    "reviewsCount": "",
    "tags": [],
    "subsection": 1
  },
  {
    "id": 2914441,
    "imgUrls": [
      "//s.f.kz/prod/2915/2914441_550.jpg",
      "//s.f.kz/prod/photo/4457/4456928_550.jpg",
      "//s.f.kz/prod/photo/4457/4456930_550.jpg",
      "//s.f.kz/prod/photo/4457/4456929_550.jpg"
    ],
    "title": "Семь навыков высокоэффективных людей",
    "price": "1 459 ₸",
    "oldPrice": "1 824 ₸",
    "description": "твердый переплет, 2023Альпина Паблишер",
    "rating": "4.0",
    "reviewsCount": "1 отзыв",
    "tags": [],
    "subsection": 1
  },
  {
    "id": 17176,
    "imgUrls": [
      "//s.f.kz/prod/18/17176_550.jpg"
    ],
    "title": "7 навыков высокоэффективных семей",
    "price": "5 253 ₸",
    "oldPrice": "6 566 ₸",
    "description": "мягкая обложка, 2023Попурри",
    "rating": "5.0",
    "reviewsCount": "7 отзывов",
    "tags": [],
    "subsection": 1
  },
  {
    "id": 1532353,
    "imgUrls": [
      "//s.f.kz/prod/1533/1532353_550.jpg",
      "//s.f.kz/prod/photo/4456/4455960_550.jpg",
      "//s.f.kz/prod/photo/4456/4455961_550.jpg",
      "//s.f.kz/prod/photo/4456/4455963_550.jpg"
    ],
    "title": "Маркетинг от А до Я",
    "price": "2 653 ₸",
    "oldPrice": "3 316 ₸",
    "description": "мягкая обложка, 2021Альпина Паблишер, Альпина. Бизнес",
    "rating": "4.8",
    "reviewsCount": "18 отзывов",
    "tags": [],
    "subsection": 1
  },
  {
    "id": 1422311,
    "imgUrls": [
      "//s.f.kz/prod/1423/1422311_550.jpg"
    ],
    "title": "Летние задания по математике. 3 класс",
    "price": "632 ₸",
    "oldPrice": "1 054 ₸",
    "description": "мягкая обложка, 2019Стрекоза, Летние задания",
    "rating": "4.8",
    "reviewsCount": "4 отзыва",
    "tags": [],
    "subsection": 1
  },
  {
    "id": 227402,
    "imgUrls": [
      "//s.f.kz/prod/228/227402_550.jpg",
      "//s.f.kz/prod/photo/2855/2854455_550.jpg",
      "//s.f.kz/prod/photo/292/291869_550.jpg"
    ],
    "title": "Математика. Состав числа",
    "price": "228 ₸",
    "oldPrice": "380 ₸",
    "description": "мягкая обложка, 2016Стрекоза, Рабочая тетрадь дошкольника",
    "rating": "4.9",
    "reviewsCount": "16 отзывов",
    "tags": [],
    "subsection": 1
  },
  {
    "id": 599306,
    "imgUrls": [
      "//s.f.kz/prod/600/599306_550.jpg"
    ],
    "title": "Тренажер по чистописанию",
    "price": "574 ₸",
    "oldPrice": "957 ₸",
    "description": "мягкая обложка, 2019Стрекоза, Тренажер",
    "rating": "4.8",
    "reviewsCount": "18 отзывов",
    "tags": [],
    "subsection": 1
  },
  {
    "id": 203696,
    "imgUrls": [
      "//s.f.kz/prod/204/203696_550.jpg"
    ],
    "title": "Правила по английскому языку",
    "price": "604 ₸",
    "oldPrice": "1 007 ₸",
    "description": "мягкая обложка, 2011Стрекоза, Дружок",
    "rating": "4.8",
    "reviewsCount": "10 отзывов",
    "tags": [],
    "subsection": 1
  },
  {
    "id": 947853,
    "imgUrls": [
      "//s.f.kz/prod/948/947853_550.jpg",
      "//s.f.kz/prod/photo/3257/3256332_550.jpg"
    ],
    "title": "Сказки народов мира",
    "price": "1 688 ₸",
    "oldPrice": "2 814 ₸",
    "description": "твердый переплет, 2017Стрекоза, Детская художественная литература",
    "rating": "4.9",
    "reviewsCount": "16 отзывов",
    "tags": [],
    "subsection": 1
  },
  {
    "id": 2064833,
    "imgUrls": [
      "//s.f.kz/prod/2065/2064833_550.jpg"
    ],
    "title": "Занимаемся на каникулах. Из 4 в 5 класс",
    "price": "1 405 ₸",
    "oldPrice": "2 342 ₸",
    "description": "мягкая обложка, 2021Стрекоза, Занимаемся на каникулах",
    "rating": "5.0",
    "reviewsCount": "2 отзыва",
    "tags": [],
    "subsection": 1
  },
  {
    "id": 3369270,
    "imgUrls": [
      "//s.f.kz/prod/3370/3369270_550.jpg"
    ],
    "title": "Бдительный Эгути-кун. Том 1",
    "price": "2 513 ₸",
    "oldPrice": "",
    "description": "мягкая обложка, 2020Фабрика комиксов",
    "rating": "",
    "reviewsCount": "",
    "tags": [],
    "subsection": 1
  },
  {
    "id": 3189050,
    "imgUrls": [
      "//s.f.kz/prod/3190/3189050_550.jpg"
    ],
    "title": "Цветами юности полна моя душа",
    "price": "4 199 ₸",
    "oldPrice": "",
    "description": "суперобложка, мягкая обложка, 2023Фабрика комиксов",
    "rating": "",
    "reviewsCount": "",
    "tags": [],
    "subsection": 1
  },
  {
    "id": 3386990,
    "imgUrls": [
      "//s.f.kz/prod/3387/3386990_550.jpg"
    ],
    "title": "Девушка-старушка",
    "price": "6 849 ₸",
    "oldPrice": "",
    "description": "суперобложка, твердый переплет, 2024Фабрика комиксов",
    "rating": "",
    "reviewsCount": "",
    "tags": [],
    "subsection": 1
  },
  {
    "id": 3497123,
    "imgUrls": [
      "//s.f.kz/prod/3498/3497123_550.jpg",
      "//s.f.kz/prod/photo/5890/5889472_550.jpg"
    ],
    "title": "Судзуки просто хочет жить спокойно. Том 2",
    "price": "3 759 ₸",
    "oldPrice": "",
    "description": "суперобложка, 2024Фабрика комиксов",
    "rating": "",
    "reviewsCount": "",
    "tags": [],
    "subsection": 1
  },
  {
    "id": 3128392,
    "imgUrls": [
      "//s.f.kz/prod/3129/3128392_550.jpg"
    ],
    "title": "Смеющийся вампир. Том 2",
    "price": "9 791 ₸",
    "oldPrice": "",
    "description": "твердый переплет, суперобложка, 2023Фабрика комиксов",
    "rating": "",
    "reviewsCount": "",
    "tags": [],
    "subsection": 1
  },
  {
    "id": 3459185,
    "imgUrls": [
      "//s.f.kz/prod/3460/3459185_550.jpg"
    ],
    "title": "Ужасная Макико",
    "price": "7 310 ₸",
    "oldPrice": "",
    "description": "твердый переплет, 2023Фабрика комиксов",
    "rating": "",
    "reviewsCount": "",
    "tags": [],
    "subsection": 1
  },
  {
    "id": 2245869,
    "imgUrls": [
      "//s.f.kz/prod/2246/2245869_550.jpg",
      "//s.f.kz/prod/photo/2266/2265426_550.jpg",
      "//s.f.kz/prod/photo/2266/2265427_550.jpg"
    ],
    "title": "Набор тетрадей «Весёлый счёт»",
    "price": "4 730 ₸",
    "oldPrice": "",
    "description": "мягкая обложка, 2021Банда Умников, Реши-пиши",
    "rating": "",
    "reviewsCount": "",
    "tags": [],
    "subsection": 1
  },
  {
    "id": 2448578,
    "imgUrls": [
      "//s.f.kz/prod/2449/2448578_550.jpg",
      "//s.f.kz/prod/photo/2673/2672742_550.jpg"
    ],
    "title": "Набор тетрадей «Шахматы и логика»",
    "price": "4 730 ₸",
    "oldPrice": "",
    "description": "мягкая обложка, 2022Банда Умников, Реши-пиши",
    "rating": "",
    "reviewsCount": "",
    "tags": [],
    "subsection": 1
  },
  {
    "id": 2448554,
    "imgUrls": [
      "//s.f.kz/prod/2449/2448554_550.jpg",
      "//s.f.kz/prod/photo/2673/2672713_550.jpg"
    ],
    "title": "Набор тетрадей «Пространственные головоломки",
    "price": "9 743 ₸",
    "oldPrice": "",
    "description": "2021Банда Умников, Реши-пиши",
    "rating": "",
    "reviewsCount": "",
    "tags": [],
    "subsection": 1
  },
  {
    "id": 2457331,
    "imgUrls": [
      "//s.f.kz/prod/2458/2457331_550.jpg",
      "//s.f.kz/prod/photo/2692/2691475_550.jpg",
      "//s.f.kz/prod/photo/2692/2691476_550.jpg",
      "//s.f.kz/prod/photo/2692/2691477_550.jpg"
    ],
    "title": "Набор тетрадей «Легкое умножение»",
    "price": "6 234 ₸",
    "oldPrice": "",
    "description": "2022Банда Умников, Реши-пиши",
    "rating": "",
    "reviewsCount": "",
    "tags": [],
    "subsection": 1
  },
  {
    "id": 2448571,
    "imgUrls": [
      "//s.f.kz/prod/2449/2448571_550.jpg",
      "//s.f.kz/prod/photo/2673/2672732_550.jpg"
    ],
    "title": "Набор тетрадей «Подготовка к школе»",
    "price": "7 794 ₸",
    "oldPrice": "",
    "description": "2021Банда Умников, Реши-пиши",
    "rating": "",
    "reviewsCount": "",
    "tags": [],
    "subsection": 1
  },
  {
    "id": 2448567,
    "imgUrls": [
      "//s.f.kz/prod/2449/2448567_550.jpg",
      "//s.f.kz/prod/photo/2673/2672727_550.jpg"
    ],
    "title": "Набор тетрадей «Подготовка к школет»",
    "price": "7 794 ₸",
    "oldPrice": "",
    "description": "2022Банда Умников, Реши-пиши",
    "rating": "",
    "reviewsCount": "",
    "tags": [],
    "subsection": 1
  },
  {
    "id": 3496571,
    "imgUrls": [
      "//s.f.kz/prod/3497/3496571_550.jpg",
      "//s.f.kz/prod/photo/5888/5887658_550.jpg"
    ],
    "title": "Изощренное убийство",
    "price": "1 389 ₸",
    "oldPrice": "",
    "description": "мягкая обложка, 2024АСТ, Эксклюзивная классика",
    "rating": "",
    "reviewsCount": "",
    "tags": [],
    "subsection": 1
  },
  {
    "id": 3496054,
    "imgUrls": [
      "//s.f.kz/prod/3497/3496054_550.jpg",
      "//s.f.kz/prod/photo/5887/5886268_550.jpg"
    ],
    "title": "Снежная страна",
    "price": "1 250 ₸",
    "oldPrice": "",
    "description": "мягкая обложка, 2024АСТ, Эксклюзивная классика",
    "rating": "",
    "reviewsCount": "",
    "tags": [],
    "subsection": 1
  },
  {
    "id": 3469478,
    "imgUrls": [
      "//s.f.kz/prod/3470/3469478_550.jpg",
      "//s.f.kz/prod/photo/5798/5797733_550.jpg"
    ],
    "title": "Самое грандиозное шоу на Земле",
    "price": "3 302 ₸",
    "oldPrice": "",
    "description": "мягкая обложка, 2024АСТ, Эксклюзивная классика",
    "rating": "",
    "reviewsCount": "",
    "tags": [],
    "subsection": 1
  },
  {
    "id": 3495991,
    "imgUrls": [
      "//s.f.kz/prod/3496/3495991_550.jpg",
      "//s.f.kz/prod/photo/5887/5886134_550.jpg"
    ],
    "title": "Сыновья",
    "price": "1 473 ₸",
    "oldPrice": "",
    "description": "мягкая обложка, 2024АСТ, Эксклюзивная классика",
    "rating": "",
    "reviewsCount": "",
    "tags": [],
    "subsection": 1
  },
  {
    "id": 3496315,
    "imgUrls": [
      "//s.f.kz/prod/3497/3496315_550.jpg",
      "//s.f.kz/prod/photo/5887/5886865_550.jpg"
    ],
    "title": "Маленькие мужчины",
    "price": "1 056 ₸",
    "oldPrice": "",
    "description": "мягкая обложка, 2024АСТ, Эксклюзивная классика",
    "rating": "",
    "reviewsCount": "",
    "tags": [],
    "subsection": 1
  },
  {
    "id": 3481827,
    "imgUrls": [
      "//s.f.kz/prod/3482/3481827_550.jpg",
      "//s.f.kz/prod/photo/5845/5844989_550.jpg"
    ],
    "title": "Как стать леди",
    "price": "1 105 ₸",
    "oldPrice": "",
    "description": "мягкая обложка, 2024АСТ, Эксклюзивная классика",
    "rating": "",
    "reviewsCount": "",
    "tags": [],
    "subsection": 1
  },
  {
    "id": 2804021,
    "imgUrls": [
      "//s.f.kz/prod/2805/2804021_550.jpg"
    ],
    "title": "Евгений Онегин",
    "price": "2 210 ₸",
    "oldPrice": "2 763 ₸",
    "description": "твердый переплет, 2023Манн, Иванов и Фербер, Вечные истории. Young Adult",
    "rating": "4.7",
    "reviewsCount": "19 отзывов",
    "tags": [],
    "subsection": 1
  },
  {
    "id": 3260403,
    "imgUrls": [
      "//s.f.kz/prod/3261/3260403_550.jpg",
      "//s.f.kz/prod/photo/5047/5046769_550.jpg"
    ],
    "title": "Хорошие жёны",
    "price": "2 388 ₸",
    "oldPrice": "2 985 ₸",
    "description": "твердый переплет, 2024Манн, Иванов и Фербер, Вечные истории. Young Adult",
    "rating": "",
    "reviewsCount": "",
    "tags": [],
    "subsection": 1
  },
  {
    "id": 3260352,
    "imgUrls": [
      "//s.f.kz/prod/3261/3260352_550.jpg",
      "//s.f.kz/prod/photo/5047/5046564_550.jpg"
    ],
    "title": "Отцы и дети",
    "price": "2 227 ₸",
    "oldPrice": "2 784 ₸",
    "description": "твердый переплет, 2024Манн, Иванов и Фербер, Вечные истории. Young Adult",
    "rating": "",
    "reviewsCount": "",
    "tags": [],
    "subsection": 1
  },
  {
    "id": 3259256,
    "imgUrls": [
      "//s.f.kz/prod/3260/3259256_550.jpg",
      "//s.f.kz/prod/photo/5042/5041119_550.jpg"
    ],
    "title": "Упырь. Семья вурдалака",
    "price": "2 258 ₸",
    "oldPrice": "2 822 ₸",
    "description": "твердый переплет, 2024Манн, Иванов и Фербер, Вечные истории. Young Adult",
    "rating": "",
    "reviewsCount": "",
    "tags": [],
    "subsection": 1
  },
  {
    "id": 3352009,
    "imgUrls": [
      "//s.f.kz/prod/3353/3352009_550.jpg",
      "//s.f.kz/prod/photo/5387/5386043_550.jpg"
    ],
    "title": "Гордость и предубеждение",
    "price": "2 644 ₸",
    "oldPrice": "3 305 ₸",
    "description": "твердый переплет, 2024Манн, Иванов и Фербер, Вечные истории. Young Adult",
    "rating": "5.0",
    "reviewsCount": "8 отзывов",
    "tags": [],
    "subsection": 1
  },
  {
    "id": 2972296,
    "imgUrls": [
      "//s.f.kz/prod/2973/2972296_550.jpg",
      "//s.f.kz/prod/photo/4077/4076635_550.jpg"
    ],
    "title": "Джейн Эйр",
    "price": "2 525 ₸",
    "oldPrice": "3 156 ₸",
    "description": "твердый переплет, 2023Манн, Иванов и Фербер, Вечные истории. Young Adult",
    "rating": "5.0",
    "reviewsCount": "10 отзывов",
    "tags": [],
    "subsection": 1
  },
  {
    "id": 2216036,
    "imgUrls": [
      "//s.f.kz/prod/2217/2216036_550.jpg"
    ],
    "title": "Соңғы парыз",
    "price": "6 400 ₸",
    "oldPrice": "",
    "description": "твердый переплет, 2021Книжный клуб",
    "rating": "",
    "reviewsCount": "",
    "tags": [],
    "subsection": 1
  },
  {
    "id": 2517598,
    "imgUrls": [
      "//s.f.kz/prod/2518/2517598_550.jpg",
      "//s.f.kz/prod/photo/2840/2839314_550.jpg",
      "//s.f.kz/prod/photo/2840/2839315_550.jpg",
      "//s.f.kz/prod/photo/2840/2839316_550.jpg"
    ],
    "title": "Жақсылық көрсем өзімнен. Өлеңдер жинағы",
    "price": "2 940 ₸",
    "oldPrice": "",
    "description": "твердый переплет, 2022Общественный фонд «Мазмұндама»",
    "rating": "",
    "reviewsCount": "",
    "tags": [],
    "subsection": 1
  },
  {
    "id": 2308060,
    "imgUrls": [
      "//s.f.kz/prod/2309/2308060_550.jpg"
    ],
    "title": "Біз күткен бақыт",
    "price": "1 508 ₸",
    "oldPrice": "",
    "description": "интегральный переплет, 2021Шабыт",
    "rating": "",
    "reviewsCount": "",
    "tags": [],
    "subsection": 1
  },
  {
    "id": 3193595,
    "imgUrls": [
      "//s.f.kz/prod/3194/3193595_550.jpg"
    ],
    "title": "Санжар Асфендиаров кім?",
    "price": "1 822 ₸",
    "oldPrice": "",
    "description": "мягкая обложка, 2023Общественный фонд «Мазмұндама», Ол кім? Бұл не?",
    "rating": "5.0",
    "reviewsCount": "2 отзыва",
    "tags": [],
    "subsection": 1
  },
  {
    "id": 3240648,
    "imgUrls": [
      "//s.f.kz/prod/3241/3240648_550.jpg"
    ],
    "title": "Хачико",
    "price": "2 647 ₸",
    "oldPrice": "",
    "description": "интегральный переплет, 2023Общественный фонд «Мазмұндама», Qazaqsha 100 bestseller",
    "rating": "5.0",
    "reviewsCount": "1 отзыв",
    "tags": [],
    "subsection": 1
  },
  {
    "id": 2517611,
    "imgUrls": [
      "//s.f.kz/prod/2518/2517611_550.jpg",
      "//s.f.kz/prod/photo/2840/2839332_550.jpg",
      "//s.f.kz/prod/photo/2840/2839333_550.jpg"
    ],
    "title": "Тортай мінер ақ боз ат. Әңгімелер жинағы.",
    "price": "3 362 ₸",
    "oldPrice": "",
    "description": "твердый переплет, 2022Общественный фонд «Мазмұндама»",
    "rating": "",
    "reviewsCount": "",
    "tags": [],
    "subsection": 1
  },
  {
    "id": 1980876,
    "imgUrls": [
      "//s.f.kz/prod/1981/1980876_550.jpg"
    ],
    "title": "Загадка Эндхауза",
    "price": "1 472 ₸",
    "oldPrice": "",
    "description": "мягкая обложка, 2021Эксмо, Агата Кристи. Любимая коллекция",
    "rating": "4.9",
    "reviewsCount": "20 отзывов",
    "tags": [],
    "subsection": 1
  },
  {
    "id": 1480743,
    "imgUrls": [
      "//s.f.kz/prod/1481/1480743_550.jpg"
    ],
    "title": "Убийство на поле для гольфа",
    "price": "1 290 ₸",
    "oldPrice": "",
    "description": "мягкая обложка, 2019Эксмо, Агата Кристи. Любимая коллекция",
    "rating": "4.7",
    "reviewsCount": "108 отзывов",
    "tags": [],
    "subsection": 1
  },
  {
    "id": 2006111,
    "imgUrls": [
      "//s.f.kz/prod/2007/2006111_550.jpg"
    ],
    "title": "Ночь без конца",
    "price": "1 472 ₸",
    "oldPrice": "",
    "description": "мягкая обложка, 2021Эксмо, Агата Кристи. Любимая коллекция",
    "rating": "5.0",
    "reviewsCount": "16 отзывов",
    "tags": [],
    "subsection": 1
  },
  {
    "id": 1313195,
    "imgUrls": [
      "//s.f.kz/prod/1314/1313195_550.jpg"
    ],
    "title": "Убийства по алфавиту",
    "price": "1 190 ₸",
    "oldPrice": "",
    "description": "мягкая обложка, 2019Эксмо, Агата Кристи. Любимая коллекция",
    "rating": "4.8",
    "reviewsCount": "260 отзывов",
    "tags": [],
    "subsection": 1
  },
  {
    "id": 1212339,
    "imgUrls": [
      "//s.f.kz/prod/1213/1212339_550.jpg"
    ],
    "title": "Таинственный мистер Кин",
    "price": "1 472 ₸",
    "oldPrice": "",
    "description": "мягкая обложка, 2023Эксмо, Агата Кристи. Любимая коллекция",
    "rating": "5.0",
    "reviewsCount": "5 отзывов",
    "tags": [],
    "subsection": 1
  },
  {
    "id": 1493567,
    "imgUrls": [
      "//s.f.kz/prod/1494/1493567_550.jpg"
    ],
    "title": "Трагедия в трех актах",
    "price": "1 472 ₸",
    "oldPrice": "",
    "description": "мягкая обложка, 2022Эксмо, Агата Кристи. Любимая коллекция",
    "rating": "4.7",
    "reviewsCount": "7 отзывов",
    "tags": [],
    "subsection": 1
  },
  {
    "id": 1735027,
    "imgUrls": [
      "//s.f.kz/prod/1736/1735027_550.jpg"
    ],
    "title": "11/22/63",
    "price": "2 109 ₸",
    "oldPrice": "",
    "description": "мягкая обложка, 2020АСТ, Эксклюзивная классика",
    "rating": "4.7",
    "reviewsCount": "23 отзыва",
    "tags": [],
    "subsection": 1
  },
  {
    "id": 799991,
    "imgUrls": [
      "//s.f.kz/prod/800/799991_550.jpg"
    ],
    "title": "Головоломка",
    "price": "1 287 ₸",
    "oldPrice": "",
    "description": "мягкая обложка, 2023Азбука, Звезды мирового детектива (обложка)",
    "rating": "4.8",
    "reviewsCount": "44 отзыва",
    "tags": [],
    "subsection": 1
  },
  {
    "id": 297004,
    "imgUrls": [
      "//s.f.kz/prod/298/297004_550.jpg"
    ],
    "title": "Портрет Дориана Грея",
    "price": "1 017 ₸",
    "oldPrice": "",
    "description": "твердый переплет, 2022Азбука, Мировая классика",
    "rating": "4.9",
    "reviewsCount": "144 отзыва",
    "tags": [],
    "subsection": 1
  },
  {
    "id": 1312852,
    "imgUrls": [
      "//s.f.kz/prod/1313/1312852_550.jpg"
    ],
    "title": "Сияние",
    "price": "1 776 ₸",
    "oldPrice": "",
    "description": "мягкая обложка, 2019АСТ, Эксклюзивная классика",
    "rating": "4.6",
    "reviewsCount": "14 отзывов",
    "tags": [],
    "subsection": 1
  },
  {
    "id": 540766,
    "imgUrls": [
      "//s.f.kz/prod/541/540766_550.jpg",
      "//s.f.kz/prod/photo/173/172591_550.jpg"
    ],
    "title": "Худеющий",
    "price": "1 349 ₸",
    "oldPrice": "",
    "description": "мягкая обложка, 2015АСТ, Король на все времена",
    "rating": "4.9",
    "reviewsCount": "33 отзыва",
    "tags": [],
    "subsection": 1
  },
  {
    "id": 456662,
    "imgUrls": [
      "//s.f.kz/prod/457/456662_550.jpg"
    ],
    "title": "Портрет Дориана Грея",
    "price": "990 ₸",
    "oldPrice": "",
    "description": "мягкая обложка, 2017АСТ, Эксклюзивная классика",
    "rating": "4.8",
    "reviewsCount": "275 отзывов",
    "tags": [],
    "subsection": 1
  },
  {
    "id": 2953796,
    "imgUrls": [
      "//s.f.kz/prod/2954/2953796_550.jpg",
      "//s.f.kz/prod/photo/4034/4033288_550.jpg"
    ],
    "title": "Grandmaster of Demonic Cultivation. Vol. 2",
    "price": "13 922 ₸",
    "oldPrice": "",
    "description": "мягкая обложка, 2023Random House USA",
    "rating": "",
    "reviewsCount": "",
    "tags": [],
    "subsection": 1
  },
  {
    "id": 3430286,
    "imgUrls": [
      "//s.f.kz/prod/3431/3430286_550.jpg",
      "//s.f.kz/prod/photo/5648/5647177_550.jpg"
    ],
    "title": "Основатель Тёмного Пути. Маньхуа. Том 8",
    "price": "",
    "oldPrice": "",
    "description": "твердый переплет, 2024Комильфо, Комильфо. Китайские романы и маньхуа",
    "rating": "",
    "reviewsCount": "",
    "tags": [],
    "subsection": 1
  },
  {
    "id": 3504329,
    "imgUrls": [
      "//s.f.kz/prod/3505/3504329_550.jpg",
      "//s.f.kz/prod/photo/5915/5914836_550.jpg",
      "//s.f.kz/prod/photo/5915/5914837_550.jpg",
      "//s.f.kz/prod/photo/5915/5914838_550.jpg"
    ],
    "title": "Магистр дьявольского культа. Том 3",
    "price": "10 206 ₸",
    "oldPrice": "",
    "description": "твердый переплет, 2022Истари Комикс, Магистр дьявольского культа",
    "rating": "",
    "reviewsCount": "",
    "tags": [],
    "subsection": 1
  },
  {
    "id": 3004791,
    "imgUrls": [
      "//s.f.kz/prod/3005/3004791_550.jpg",
      "//s.f.kz/prod/photo/4176/4175652_550.jpg"
    ],
    "title": "Благословение небожителей. Том 5",
    "price": "5 190 ₸",
    "oldPrice": "",
    "description": "твердый переплет, 2023Комильфо, Благословение небожителей",
    "rating": "4.9",
    "reviewsCount": "87 отзывов",
    "tags": [],
    "subsection": 1
  },
  {
    "id": 2865778,
    "imgUrls": [
      "//s.f.kz/prod/2866/2865778_550.jpg"
    ],
    "title": "Heaven Official`s Blessing: Tian Guan Ci Fu",
    "price": "13 928 ₸",
    "oldPrice": "",
    "description": "мягкая обложка, 2023Random House USA",
    "rating": "",
    "reviewsCount": "",
    "tags": [],
    "subsection": 1
  },
  {
    "id": 2579069,
    "imgUrls": [
      "//s.f.kz/prod/2580/2579069_550.jpg"
    ],
    "title": "Основатель Тёмного Пути. Том 2",
    "price": "6 243 ₸",
    "oldPrice": "",
    "description": "твердый переплет, 2022Комильфо, Комильфо. Китайские романы и маньхуа",
    "rating": "5.0",
    "reviewsCount": "17 отзывов",
    "tags": [],
    "subsection": 1
  },
  {
    "id": 142760,
    "imgUrls": [
      "//s.f.kz/prod/143/142760_550.jpg",
      "//s.f.kz/prod/photo/333/332250_550.jpg",
      "//s.f.kz/prod/photo/333/332249_550.jpg",
      "//s.f.kz/prod/photo/333/332248_550.jpg"
    ],
    "title": "Что делать, если...",
    "price": "2 072 ₸",
    "oldPrice": "2 590 ₸",
    "description": "твердый переплет, 2022Полиграфиздат, Астрель, Аванта+, Мир энциклопедий Аванта +",
    "rating": "5.0",
    "reviewsCount": "188 отзывов",
    "tags": [],
    "subsection": 1
  },
  {
    "id": 1864625,
    "imgUrls": [
      "//s.f.kz/prod/1865/1864625_550.jpg"
    ],
    "title": "Нейропсихология детского возраста",
    "price": "7 603 ₸",
    "oldPrice": "10 138 ₸",
    "description": "твердый переплет, 2022Питер, Учебное пособие",
    "rating": "",
    "reviewsCount": "",
    "tags": [],
    "subsection": 1
  },
  {
    "id": 1351257,
    "imgUrls": [
      "//s.f.kz/prod/1352/1351257_550.jpg"
    ],
    "title": "Волшебные слова",
    "price": "918 ₸",
    "oldPrice": "1 312 ₸",
    "description": "твердый переплет, 2022Clever, Детский этикет в сказках",
    "rating": "5.0",
    "reviewsCount": "7 отзывов",
    "tags": [],
    "subsection": 1
  },
  {
    "id": 1351052,
    "imgUrls": [
      "//s.f.kz/prod/1352/1351052_550.jpg"
    ],
    "title": "Хорошие манеры",
    "price": "918 ₸",
    "oldPrice": "1 312 ₸",
    "description": "твердый переплет, 2022Clever, Детский этикет в сказках",
    "rating": "4.7",
    "reviewsCount": "21 отзыв",
    "tags": [],
    "subsection": 1
  },
  {
    "id": 131084,
    "imgUrls": [
      "//s.f.kz/prod/132/131084_550.jpg"
    ],
    "title": "Беседы об этикете с детьми",
    "price": "833 ₸",
    "oldPrice": "",
    "description": "мягкая обложка, 2022Сфера, Вместе с детьми",
    "rating": "5.0",
    "reviewsCount": "1 отзыв",
    "tags": [],
    "subsection": 1
  },
  {
    "id": 558978,
    "imgUrls": [
      "//s.f.kz/prod/559/558978_550.jpg"
    ],
    "title": "Настоящие рыцари не обзываются",
    "price": "1 349 ₸",
    "oldPrice": "",
    "description": "мягкая обложка, 2015Эксмо, Krasota. Этикет XXI века",
    "rating": "5.0",
    "reviewsCount": "5 отзывов",
    "tags": [],
    "subsection": 1
  },
  {
    "id": 948676,
    "imgUrls": [
      "//s.f.kz/prod/949/948676_550.jpg"
    ],
    "title": "Выбор",
    "price": "1 349 ₸",
    "oldPrice": "",
    "description": "мягкая обложка, 2021АСТ, Эксклюзивная классика",
    "rating": "4.9",
    "reviewsCount": "46 отзывов",
    "tags": [],
    "subsection": 1
  },
  {
    "id": 2955107,
    "imgUrls": [
      "//s.f.kz/prod/2956/2955107_550.jpg",
      "//s.f.kz/prod/photo/4035/4034625_550.jpg",
      "//s.f.kz/prod/photo/4035/4034626_550.jpg",
      "//s.f.kz/prod/photo/4035/4034627_550.jpg"
    ],
    "title": "По осколкам твоего сердца",
    "price": "2 703 ₸",
    "oldPrice": "3 861 ₸",
    "description": "твердый переплет, 2023Clever, Романы Анны Джейн",
    "rating": "4.9",
    "reviewsCount": "79 отзывов",
    "tags": [],
    "subsection": 1
  },
  {
    "id": 321651,
    "imgUrls": [
      "//s.f.kz/prod/322/321651_550.jpg"
    ],
    "title": "До встречи с тобой",
    "price": "3 281 ₸",
    "oldPrice": "",
    "description": "твердый переплет, 2021Иностранка, Мойес Джоджо",
    "rating": "4.9",
    "reviewsCount": "234 отзыва",
    "tags": [],
    "subsection": 1
  },
  {
    "id": 1806690,
    "imgUrls": [
      "//s.f.kz/prod/1807/1806690_550.jpg"
    ],
    "title": "Влюбленная ведьма. Книга 2",
    "price": "2 139 ₸",
    "oldPrice": "3 056 ₸",
    "description": "твердый переплет, 2022Clever, #trendbooks",
    "rating": "4.9",
    "reviewsCount": "114 отзывов",
    "tags": [],
    "subsection": 1
  },
  {
    "id": 513476,
    "imgUrls": [
      "//s.f.kz/prod/514/513476_550.jpg"
    ],
    "title": "Великий Гэтсби",
    "price": "990 ₸",
    "oldPrice": "",
    "description": "мягкая обложка, 2015АСТ, Эксклюзивная классика",
    "rating": "4.8",
    "reviewsCount": "99 отзывов",
    "tags": [],
    "subsection": 1
  },
  {
    "id": 2719643,
    "imgUrls": [
      "//s.f.kz/prod/2720/2719643_550.jpg",
      "//s.f.kz/prod/photo/3324/3323517_550.jpg"
    ],
    "title": "Твоё сердце будет разбито",
    "price": "2 834 ₸",
    "oldPrice": "4 048 ₸",
    "description": "твердый переплет, 2022Clever, Романы Анны Джейн",
    "rating": "4.8",
    "reviewsCount": "85 отзывов",
    "tags": [],
    "subsection": 1
  },
  {
    "id": 1535776,
    "imgUrls": [
      "//s.f.kz/prod/1536/1535776_550.jpg"
    ],
    "title": "Алиса в Стране чудес. Алиса в Зазеркалье",
    "price": "4 891 ₸",
    "oldPrice": "",
    "description": "твердый переплет, 2019Эксмо, Золотое наследие",
    "rating": "5.0",
    "reviewsCount": "3 отзыва",
    "tags": [],
    "subsection": 1
  },
  {
    "id": 94130,
    "imgUrls": [
      "//s.f.kz/prod/95/94130_550.jpg"
    ],
    "title": "Снежная Королева",
    "price": "1 314 ₸",
    "oldPrice": "",
    "description": "твердый переплет, 2016Фламинго, Пять сказок",
    "rating": "5.0",
    "reviewsCount": "5 отзывов",
    "tags": [],
    "subsection": 1
  },
  {
    "id": 74473,
    "imgUrls": [
      "//s.f.kz/prod/75/74473_550.jpg"
    ],
    "title": "Стихи и сказки",
    "price": "2 197 ₸",
    "oldPrice": "",
    "description": "твердый переплет, 2014Эксмо, Мои любимые стихи",
    "rating": "5.0",
    "reviewsCount": "81 отзыв",
    "tags": [],
    "subsection": 1
  },
  {
    "id": 46685,
    "imgUrls": [
      "//s.f.kz/prod/47/46685_550.jpg"
    ],
    "title": "Волшебник Изумрудного города",
    "price": "4 248 ₸",
    "oldPrice": "",
    "description": "твердый переплет, 2011Эксмо, Волшебник Изумрудного города",
    "rating": "4.9",
    "reviewsCount": "54 отзыва",
    "tags": [],
    "subsection": 1
  },
  {
    "id": 251584,
    "imgUrls": [
      "//s.f.kz/prod/252/251584_550.jpg"
    ],
    "title": "Королевство кривых зеркал",
    "price": "1 271 ₸",
    "oldPrice": "",
    "description": "твердый переплет, 2015Самовар, Школьная библиотека",
    "rating": "5.0",
    "reviewsCount": "29 отзывов",
    "tags": [],
    "subsection": 1
  },
  {
    "id": 554099,
    "imgUrls": [
      "//s.f.kz/prod/555/554099_550.jpg"
    ],
    "title": "Крольчонок Люси, или Волшебная встреча",
    "price": "1 776 ₸",
    "oldPrice": "",
    "description": "твердый переплет, 2015Эксмо, Лес Дружбы. Волшебные истории о зверятах",
    "rating": "4.8",
    "reviewsCount": "82 отзыва",
    "tags": [],
    "subsection": 1
  },
  {
    "id": 359193,
    "imgUrls": [
      "//s.f.kz/prod/360/359193_550.jpg",
      "//s.f.kz/prod/photo/1202/1201864_550.jpg",
      "//s.f.kz/prod/photo/1202/1201865_550.jpg"
    ],
    "title": "Қызыл телпек",
    "price": "960 ₸",
    "oldPrice": "",
    "description": "мягкая обложка, 2020Аруна, Буынға бөліп оқимын. Читаем сказки по слогам",
    "rating": "5.0",
    "reviewsCount": "12 отзывов",
    "tags": [],
    "subsection": 1
  },
  {
    "id": 2761392,
    "imgUrls": [
      "//s.f.kz/prod/2762/2761392_550.jpg"
    ],
    "title": "Ертегiлер",
    "price": "492 ₸",
    "oldPrice": "",
    "description": "мягкая обложка, 2023Алматыкітап баспасы",
    "rating": "5.0",
    "reviewsCount": "3 отзыва",
    "tags": [],
    "subsection": 1
  },
  {
    "id": 359185,
    "imgUrls": [
      "//s.f.kz/prod/360/359185_550.jpg",
      "//s.f.kz/prod/photo/3585/3584728_550.jpg",
      "//s.f.kz/prod/photo/3585/3584729_550.jpg"
    ],
    "title": "Ару мен құбыжық",
    "price": "960 ₸",
    "oldPrice": "",
    "description": "мягкая обложка, 2013Аруна, Буынға бөліп оқимын. Читаем сказки по слогам",
    "rating": "5.0",
    "reviewsCount": "3 отзыва",
    "tags": [],
    "subsection": 1
  },
  {
    "id": 2204966,
    "imgUrls": [
      "//s.f.kz/prod/2205/2204966_550.jpg"
    ],
    "title": "Темір алыптар елі",
    "price": "704 ₸",
    "oldPrice": "",
    "description": "мягкая обложка, 2021Аруна, Мизам. Ертегі-әнгімелер",
    "rating": "5.0",
    "reviewsCount": "2 отзыва",
    "tags": [],
    "subsection": 1
  },
  {
    "id": 359711,
    "imgUrls": [
      "//s.f.kz/prod/360/359711_550.jpg"
    ],
    "title": "Көкөністер. Овощи. Vegetables",
    "price": "238 ₸",
    "oldPrice": "",
    "description": "мягкая обложка, 2020Аруна, Тематические книжки",
    "rating": "5.0",
    "reviewsCount": "10 отзывов",
    "tags": [],
    "subsection": 1
  },
  {
    "id": 359156,
    "imgUrls": [
      "//s.f.kz/prod/360/359156_550.jpg",
      "//s.f.kz/prod/photo/3608/3607906_550.jpg",
      "//s.f.kz/prod/photo/3608/3607907_550.jpg",
      "//s.f.kz/prod/photo/3608/3607908_550.jpg"
    ],
    "title": "Алдар Көсе хикаялары",
    "price": "3 520 ₸",
    "oldPrice": "",
    "description": "твердый переплет, 2013Аруна, Қазақ ертегілерінің антологиясы. Антология казахских сказок",
    "rating": "5.0",
    "reviewsCount": "6 отзывов",
    "tags": [],
    "subsection": 1
  },
  {
    "id": 1051363,
    "imgUrls": [
      "//s.f.kz/prod/1052/1051363_550.jpg"
    ],
    "title": "Пластилиновая лаборатория Чевостика",
    "price": "3 082 ₸",
    "oldPrice": "3 852 ₸",
    "description": "твердый переплет, 2018Манн, Иванов и Фербер, Детские энциклопедии с Чевостиком",
    "rating": "5.0",
    "reviewsCount": "9 отзывов",
    "tags": [],
    "subsection": 1
  },
  {
    "id": 2399371,
    "imgUrls": [
      "//s.f.kz/prod/2400/2399371_550.jpg"
    ],
    "title": "Правила безопасности",
    "price": "4 230 ₸",
    "oldPrice": "5 288 ₸",
    "description": "твердый переплет, 2022Манн, Иванов и Фербер, Детские энциклопедии с Чевостиком",
    "rating": "",
    "reviewsCount": "",
    "tags": [],
    "subsection": 1
  },
  {
    "id": 2337792,
    "imgUrls": [
      "//s.f.kz/prod/2338/2337792_550.jpg"
    ],
    "title": "Что такое деньги. Детская энциклопедия",
    "price": "4 234 ₸",
    "oldPrice": "5 292 ₸",
    "description": "твердый переплет, 2022Манн, Иванов и Фербер, Детские энциклопедии с Чевостиком",
    "rating": "",
    "reviewsCount": "",
    "tags": [],
    "subsection": 1
  },
  {
    "id": 2048933,
    "imgUrls": [
      "//s.f.kz/prod/2049/2048933_550.jpg"
    ],
    "title": "100 вопросов от Чевостика",
    "price": "4 241 ₸",
    "oldPrice": "5 301 ₸",
    "description": "твердый переплет, 2021Манн, Иванов и Фербер, Детские энциклопедии с Чевостиком",
    "rating": "",
    "reviewsCount": "",
    "tags": [],
    "subsection": 1
  },
  {
    "id": 542561,
    "imgUrls": [
      "//s.f.kz/prod/543/542561_550.jpg",
      "//s.f.kz/prod/photo/171/170160_550.jpg",
      "//s.f.kz/prod/photo/171/170161_550.jpg",
      "//s.f.kz/prod/photo/171/170162_550.jpg"
    ],
    "title": "Увлекательная астрономия",
    "price": "4 249 ₸",
    "oldPrice": "5 311 ₸",
    "description": "твердый переплет, 2016Манн, Иванов и Фербер, Детские энциклопедии с Чевостиком",
    "rating": "5.0",
    "reviewsCount": "17 отзывов",
    "tags": [],
    "subsection": 1
  },
  {
    "id": 452063,
    "imgUrls": [
      "//s.f.kz/prod/453/452063_550.jpg",
      "//s.f.kz/prod/photo/338/337511_550.jpg",
      "//s.f.kz/prod/photo/338/337510_550.jpg",
      "//s.f.kz/prod/photo/338/337509_550.jpg"
    ],
    "title": "Увлекательная химия",
    "price": "3 715 ₸",
    "oldPrice": "4 644 ₸",
    "description": "твердый переплет, 2017Манн, Иванов и Фербер, Детские энциклопедии с Чевостиком",
    "rating": "5.0",
    "reviewsCount": "30 отзывов",
    "tags": [],
    "subsection": 1
  },
  {
    "id": 2752804,
    "imgUrls": [
      "//s.f.kz/prod/2753/2752804_550.jpg",
      "//s.f.kz/prod/photo/3409/3408758_550.jpg"
    ],
    "title": "Портрет Дориана Грея",
    "price": "938 ₸",
    "oldPrice": "",
    "description": "мягкая обложка, 2023АСТ, Легко читаем по-английски",
    "rating": "3.5",
    "reviewsCount": "2 отзыва",
    "tags": [],
    "subsection": 1
  },
  {
    "id": 3072577,
    "imgUrls": [
      "//s.f.kz/prod/3073/3072577_550.jpg",
      "//s.f.kz/prod/photo/4423/4422836_550.jpg"
    ],
    "title": "Английские идиомы",
    "price": "392 ₸",
    "oldPrice": "",
    "description": "мягкая обложка, 2023АСТ, Английский просто",
    "rating": "5.0",
    "reviewsCount": "2 отзыва",
    "tags": [],
    "subsection": 1
  },
  {
    "id": 50529,
    "imgUrls": [
      "//s.f.kz/prod/51/50529_550.jpg"
    ],
    "title": "Современный русско-английский разговорник",
    "price": "601 ₸",
    "oldPrice": "",
    "description": "мягкая обложка, 2020ДСК",
    "rating": "4.8",
    "reviewsCount": "13 отзывов",
    "tags": [],
    "subsection": 1
  },
  {
    "id": 2721100,
    "imgUrls": [
      "//s.f.kz/prod/2722/2721100_550.jpg",
      "//s.f.kz/prod/photo/3327/3326822_550.jpg"
    ],
    "title": "Alice's Adventures in Wonderland",
    "price": "1 830 ₸",
    "oldPrice": "",
    "description": "мягкая обложка, 2023АСТ, Exclusive Classics Paperback",
    "rating": "5.0",
    "reviewsCount": "1 отзыв",
    "tags": [],
    "subsection": 1
  },
  {
    "id": 185918,
    "imgUrls": [
      "//s.f.kz/prod/186/185918_550.jpg"
    ],
    "title": "Фразовые глаголы английского языка.",
    "price": "311 ₸",
    "oldPrice": "389 ₸",
    "description": "мягкая обложка, 2016Айрис-пресс, Английский - это просто",
    "rating": "4.8",
    "reviewsCount": "48 отзывов",
    "tags": [],
    "subsection": 1
  },
  {
    "id": 1303257,
    "imgUrls": [
      "//s.f.kz/prod/1304/1303257_550.jpg"
    ],
    "title": "Английский язык: Весь курс начальной школы",
    "price": "619 ₸",
    "oldPrice": "",
    "description": "мягкая обложка, 2019АСТ, Малыш, 3000 примеров для начальной школы",
    "rating": "5.0",
    "reviewsCount": "2 отзыва",
    "tags": [],
    "subsection": 1
  },
  {
    "id": 1338879,
    "imgUrls": [
      "//s.f.kz/prod/1339/1338879_550.jpg"
    ],
    "title": "7 шагов к стабильной самооценке",
    "price": "1 990 ₸",
    "oldPrice": "",
    "description": "мягкая обложка, 2019АСТ, Прикладная психология Литвака",
    "rating": "4.8",
    "reviewsCount": "70 отзывов",
    "tags": [],
    "subsection": 1
  },
  {
    "id": 1665486,
    "imgUrls": [
      "//s.f.kz/prod/1666/1665486_550.jpg"
    ],
    "title": "Женщина, у которой есть план",
    "price": "3 000 ₸",
    "oldPrice": "",
    "description": "твердый переплет, 2020Бомбора, Эксмо, Форс, Психологический бестселлер",
    "rating": "4.7",
    "reviewsCount": "58 отзывов",
    "tags": [],
    "subsection": 1
  },
  {
    "id": 1667616,
    "imgUrls": [
      "//s.f.kz/prod/1668/1667616_550.jpg"
    ],
    "title": "Мужчины любят стерв",
    "price": "1 990 ₸",
    "oldPrice": "",
    "description": "мягкая обложка, 2020ОДРИ, Эксмо, Психология. М & Ж. Шерри Аргов рекомендует",
    "rating": "4.8",
    "reviewsCount": "41 отзыв",
    "tags": [],
    "subsection": 1
  },
  {
    "id": 710772,
    "imgUrls": [
      "//s.f.kz/prod/711/710772_550.jpg"
    ],
    "title": "Гении и аутсайдеры. Почему одним все, а другим ничего?",
    "price": "3 678 ₸",
    "oldPrice": "4 597 ₸",
    "description": "твердый переплет, 2017Манн, Иванов и Фербер, МИФ. Личное развитие",
    "rating": "4.8",
    "reviewsCount": "48 отзывов",
    "tags": [],
    "subsection": 1
  },
  {
    "id": 1516434,
    "imgUrls": [
      "//s.f.kz/prod/1517/1516434_550.jpg"
    ],
    "title": "Выбор. О свободе и внутренней силе человека",
    "price": "4 152 ₸",
    "oldPrice": "5 190 ₸",
    "description": "твердый переплет, 2021Манн, Иванов и Фербер, Культура",
    "rating": "4.9",
    "reviewsCount": "58 отзывов",
    "tags": [],
    "subsection": 1
  },
  {
    "id": 2290538,
    "imgUrls": [
      "//s.f.kz/prod/2291/2290538_550.jpg"
    ],
    "title": "Нет оправданий! Сила самодисциплины. 21 путь к стабильному успеху и счастью",
    "price": "3 383 ₸",
    "oldPrice": "4 229 ₸",
    "description": "твердый переплет, 2023Попурри, Психология",
    "rating": "5.0",
    "reviewsCount": "21 отзыв",
    "tags": [],
    "subsection": 1
  },
  {
    "id": 1365508,
    "imgUrls": [
      "//s.f.kz/prod/1366/1365508_550.jpg"
    ],
    "title": "Мир цветов. Книга для творчества и вдохновения",
    "price": "4 230 ₸",
    "oldPrice": "",
    "description": "твердый переплет, 2019Иностранка / КоЛибри, Арт-терапия",
    "rating": "5.0",
    "reviewsCount": "3 отзыва",
    "tags": [],
    "subsection": 1
  },
  {
    "id": 2731377,
    "imgUrls": [
      "//s.f.kz/prod/2732/2731377_550.jpg",
      "//s.f.kz/prod/photo/3353/3352652_550.jpg",
      "//s.f.kz/prod/photo/3353/3352653_550.jpg",
      "//s.f.kz/prod/photo/3353/3352654_550.jpg"
    ],
    "title": "Раскраска «Любовь»",
    "price": "897 ₸",
    "oldPrice": "1 196 ₸",
    "description": "мягкая обложка, 2023Феникс +, Раскраски-мандалы",
    "rating": "5.0",
    "reviewsCount": "5 отзывов",
    "tags": [],
    "subsection": 1
  },
  {
    "id": 2731378,
    "imgUrls": [
      "//s.f.kz/prod/2732/2731378_550.jpg",
      "//s.f.kz/prod/photo/3353/3352673_550.jpg",
      "//s.f.kz/prod/photo/3353/3352674_550.jpg",
      "//s.f.kz/prod/photo/3353/3352675_550.jpg"
    ],
    "title": "Раскраска «Деньги»",
    "price": "897 ₸",
    "oldPrice": "1 196 ₸",
    "description": "мягкая обложка, 2023Феникс +, Раскраски-мандалы",
    "rating": "4.9",
    "reviewsCount": "11 отзывов",
    "tags": [],
    "subsection": 1
  },
  {
    "id": 731425,
    "imgUrls": [
      "//s.f.kz/prod/732/731425_550.jpg"
    ],
    "title": "Мандалы женской силы",
    "price": "1 687 ₸",
    "oldPrice": "",
    "description": "мягкая обложка, 2016Эксмо, Лучшее от Ларисы Ренар (раскраски для взрослых)",
    "rating": "4.9",
    "reviewsCount": "51 отзыв",
    "tags": [],
    "subsection": 1
  },
  {
    "id": 2728986,
    "imgUrls": [
      "//s.f.kz/prod/2729/2728986_550.jpg",
      "//s.f.kz/prod/photo/3349/3348844_550.jpg"
    ],
    "title": "Химеры, василиски и другие монстры мировых бестиариев",
    "price": "2 897 ₸",
    "oldPrice": "",
    "description": "мягкая обложка, 2023АСТ, Фэнтези-миры. Арт-книга",
    "rating": "",
    "reviewsCount": "",
    "tags": [],
    "subsection": 1
  },
  {
    "id": 2151536,
    "imgUrls": [
      "//s.f.kz/prod/2152/2151536_550.jpg"
    ],
    "title": "Раскраска для сильно уставших",
    "price": "1 105 ₸",
    "oldPrice": "",
    "description": "мягкая обложка, 2021АСТ, Магическая Арт-Терапия",
    "rating": "5.0",
    "reviewsCount": "3 отзыва",
    "tags": [],
    "subsection": 1
  },
  {
    "id": 486899,
    "imgUrls": [
      "//s.f.kz/prod/487/486899_550.jpg"
    ],
    "title": "Нейропсихологические занятия с детьми",
    "price": "1 316 ₸",
    "oldPrice": "1 645 ₸",
    "description": "мягкая обложка, 2018Айрис-пресс, Культура здоровья с детства",
    "rating": "5.0",
    "reviewsCount": "14 отзывов",
    "tags": [],
    "subsection": 1
  },
  {
    "id": 884307,
    "imgUrls": [
      "//s.f.kz/prod/885/884307_550.jpg"
    ],
    "title": "Большие прописи к логопедическому букварю",
    "price": "1 025 ₸",
    "oldPrice": "",
    "description": "мягкая обложка, 2017АСТ, Логопедические прописи",
    "rating": "4.9",
    "reviewsCount": "16 отзывов",
    "tags": [],
    "subsection": 1
  },
  {
    "id": 1255580,
    "imgUrls": [
      "//s.f.kz/prod/1256/1255580_550.jpg"
    ],
    "title": "Алалия. Работа на начальном этапе",
    "price": "11 999 ₸",
    "oldPrice": "",
    "description": "мягкая обложка, 2022Грифон",
    "rating": "",
    "reviewsCount": "",
    "tags": [],
    "subsection": 1
  },
  {
    "id": 407411,
    "imgUrls": [
      "//s.f.kz/prod/408/407411_550.jpg"
    ],
    "title": "От звука к букве. Коррекция",
    "price": "3 483 ₸",
    "oldPrice": "",
    "description": "мягкая обложка, 2023Скрипторий 2003",
    "rating": "",
    "reviewsCount": "",
    "tags": [],
    "subsection": 1
  },
  {
    "id": 2645351,
    "imgUrls": [
      "//s.f.kz/prod/2646/2645351_550.jpg"
    ],
    "title": "Тетрадь логопедических заданий",
    "price": "3 483 ₸",
    "oldPrice": "",
    "description": "мягкая обложка, 2022Скрипторий 2003",
    "rating": "",
    "reviewsCount": "",
    "tags": [],
    "subsection": 1
  },
  {
    "id": 86434,
    "imgUrls": [
      "//s.f.kz/prod/87/86434_550.jpg"
    ],
    "title": "Уроки логопеда",
    "price": "2 197 ₸",
    "oldPrice": "",
    "description": "твердый переплет, 2009Эксмо, Завтра в школу",
    "rating": "4.7",
    "reviewsCount": "14 отзывов",
    "tags": [],
    "subsection": 1
  },
  {
    "id": 1323813,
    "imgUrls": [
      "//s.f.kz/prod/1324/1323813_550.jpg"
    ],
    "title": "Создать совершенство",
    "price": "774 ₸",
    "oldPrice": "",
    "description": "твердый переплет, 2019Эксмо, Подарочные издания. Психология",
    "rating": "",
    "reviewsCount": "",
    "tags": [],
    "subsection": 1
  },
  {
    "id": 1245814,
    "imgUrls": [
      "//s.f.kz/prod/1246/1245814_550.jpg"
    ],
    "title": "Лошади. Самая полная иллюстрированная энциклопедия",
    "price": "8 551 ₸",
    "oldPrice": "",
    "description": "твердый переплет, 2018Эксмо, Подарочные издания. Домашние любимцы",
    "rating": "5.0",
    "reviewsCount": "5 отзывов",
    "tags": [],
    "subsection": 1
  },
  {
    "id": 204009,
    "imgUrls": [
      "//s.f.kz/prod/205/204009_550.jpg",
      "//s.f.kz/prod/photo/21/20145_550.jpg",
      "//s.f.kz/prod/photo/21/20146_550.jpg",
      "//s.f.kz/prod/photo/21/20147_550.jpg"
    ],
    "title": "Блаблокнот для совещаний. Утро",
    "price": "648 ₸",
    "oldPrice": "",
    "description": "мягкая обложка, 2011Издательский дом Мещерякова",
    "rating": "5.0",
    "reviewsCount": "2 отзыва",
    "tags": [],
    "subsection": 1
  },
  {
    "id": 2721136,
    "imgUrls": [
      "//s.f.kz/prod/2722/2721136_550.jpg",
      "//s.f.kz/prod/photo/3327/3326875_550.jpg"
    ],
    "title": "Думай и богатей",
    "price": "4 014 ₸",
    "oldPrice": "4 722 ₸",
    "description": "твердый переплет, 2023Бомбора, Подарочные издания. Психология",
    "rating": "",
    "reviewsCount": "",
    "tags": [],
    "subsection": 1
  },
  {
    "id": 1281148,
    "imgUrls": [
      "//s.f.kz/prod/1282/1281148_550.jpg"
    ],
    "title": "АББА. История легенды",
    "price": "9 430 ₸",
    "oldPrice": "",
    "description": "твердый переплет, 2018Эксмо, Всем фанатам группы АББА. Альбом-подарок",
    "rating": "",
    "reviewsCount": "",
    "tags": [],
    "subsection": 1
  },
  {
    "id": 2545551,
    "imgUrls": [
      "//s.f.kz/prod/2546/2545551_550.jpg",
      "//s.f.kz/prod/photo/2916/2915405_550.jpg"
    ],
    "title": "Тайная доктрина",
    "price": "8 358 ₸",
    "oldPrice": "",
    "description": "твердый переплет, 2022АСТ, Коллекционная книга. Знаки",
    "rating": "5.0",
    "reviewsCount": "1 отзыв",
    "tags": [],
    "subsection": 1
  },
  {
    "id": 439753,
    "imgUrls": [
      "//s.f.kz/prod/440/439753_550.jpg"
    ],
    "title": "История Казахстана. Учебник для ВУЗов",
    "price": "2 500 ₸",
    "oldPrice": "",
    "description": "твердый переплет, 2013Алматыкітап баспасы",
    "rating": "4.7",
    "reviewsCount": "10 отзывов",
    "tags": [],
    "subsection": 1
  },
  {
    "id": 1417681,
    "imgUrls": [
      "//s.f.kz/prod/1418/1417681_550.jpg",
      "//s.f.kz/prod/photo/5550/5549079_550.jpg"
    ],
    "title": "Қазақстан тарихы. Оқулық",
    "price": "4 010 ₸",
    "oldPrice": "5 012 ₸",
    "description": "твердый переплетФолиант",
    "rating": "",
    "reviewsCount": "",
    "tags": [],
    "subsection": 1
  },
  {
    "id": 2391060,
    "imgUrls": [
      "//s.f.kz/prod/2392/2391060_550.jpg"
    ],
    "title": "История Казахстана. Хрестоматия",
    "price": "5 415 ₸",
    "oldPrice": "",
    "description": "мягкая обложка, 2022LEM",
    "rating": "",
    "reviewsCount": "",
    "tags": [],
    "subsection": 1
  },
  {
    "id": 2761528,
    "imgUrls": [
      "//s.f.kz/prod/2762/2761528_550.jpg"
    ],
    "title": "Конный мир казахов",
    "price": "23 750 ₸",
    "oldPrice": "",
    "description": "твердый переплет, 2022Алматыкітап баспасы",
    "rating": "",
    "reviewsCount": "",
    "tags": [],
    "subsection": 1
  },
  {
    "id": 526594,
    "imgUrls": [
      "//s.f.kz/prod/527/526594_240.jpg"
    ],
    "title": "Из истории депортации в Казахстан 1935-1939",
    "price": "23 250 ₸",
    "oldPrice": "",
    "description": "твердый переплет, 2015LEM",
    "rating": "",
    "reviewsCount": "",
    "tags": [],
    "subsection": 1
  },
  {
    "id": 596383,
    "imgUrls": [
      "//s.f.kz/prod/597/596383_550.jpg"
    ],
    "title": "Қазақстан тарихы. Оқу құралы",
    "price": "8 607 ₸",
    "oldPrice": "",
    "description": "мягкая обложка, 2017LEM",
    "rating": "",
    "reviewsCount": "",
    "tags": [],
    "subsection": 1
  },
  {
    "id": 75581,
    "imgUrls": [
      "//s.f.kz/prod/76/75581_550.jpg"
    ],
    "title": "АБВГДЕ-йка",
    "price": "235 ₸",
    "oldPrice": "391 ₸",
    "description": "мягкая обложка, 2008ВК «Дакота», Папка дошкольника",
    "rating": "4.0",
    "reviewsCount": "1 отзыв",
    "tags": [],
    "subsection": 1
  },
  {
    "id": 2027896,
    "imgUrls": [
      "//s.f.kz/prod/2028/2027896_550.jpg"
    ],
    "title": "Азбука. Книжка с окошками",
    "price": "2 796 ₸",
    "oldPrice": "",
    "description": "переплет из картона, 2021Malamalama, Книжка с окошками",
    "rating": "5.0",
    "reviewsCount": "1 отзыв",
    "tags": [],
    "subsection": 1
  },
  {
    "id": 3133208,
    "imgUrls": [
      "//s.f.kz/prod/3134/3133208_550.jpg",
      "//s.f.kz/prod/photo/4623/4622433_550.jpg"
    ],
    "title": "Азбука с трафаретами и окошками",
    "price": "3 018 ₸",
    "oldPrice": "",
    "description": "мягкая обложка, 2023АСТ, Интерактивная книга с окошками и трафаретами",
    "rating": "5.0",
    "reviewsCount": "1 отзыв",
    "tags": [],
    "subsection": 1
  },
  {
    "id": 786975,
    "imgUrls": [
      "//s.f.kz/prod/787/786975_550.jpg"
    ],
    "title": "Живая Азбука 2.0. С наклейками",
    "price": "3 482 ₸",
    "oldPrice": "",
    "description": "твердый переплет, 2020DEVAR Kids",
    "rating": "5.0",
    "reviewsCount": "11 отзывов",
    "tags": [],
    "subsection": 1
  },
  {
    "id": 738262,
    "imgUrls": [
      "//s.f.kz/prod/739/738262_550.jpg"
    ],
    "title": "Логопедический букварь",
    "price": "3 134 ₸",
    "oldPrice": "",
    "description": "твердый переплет, 2016АСТ",
    "rating": "5.0",
    "reviewsCount": "18 отзывов",
    "tags": [],
    "subsection": 1
  },
  {
    "id": 2593886,
    "imgUrls": [
      "//s.f.kz/prod/2594/2593886_550.jpg",
      "//s.f.kz/prod/photo/3039/3038776_550.jpg",
      "//s.f.kz/prod/photo/3039/3038777_550.jpg",
      "//s.f.kz/prod/photo/3039/3038778_550.jpg"
    ],
    "title": "Букварь",
    "price": "2 364 ₸",
    "oldPrice": "3 940 ₸",
    "description": "мягкая обложка, 2022Стрекоза",
    "rating": "",
    "reviewsCount": "",
    "tags": [],
    "subsection": 1
  },
  {
    "id": 254049,
    "imgUrls": [
      "//s.f.kz/prod/255/254049_550.jpg"
    ],
    "title": "Тайная жизнь великих кинорежиссеров",
    "price": "2 811 ₸",
    "oldPrice": "",
    "description": "твердый переплет, 2012Книжный клуб 36.6",
    "rating": "",
    "reviewsCount": "",
    "tags": [],
    "subsection": 1
  },
  {
    "id": 1480715,
    "imgUrls": [
      "//s.f.kz/prod/1481/1480715_550.jpg"
    ],
    "title": "Территория заблуждений. Запрещенные факты",
    "price": "432 ₸",
    "oldPrice": "",
    "description": "твердый переплет, 2019Эксмо, Бестселлеры Игоря Прокопенко",
    "rating": "5.0",
    "reviewsCount": "1 отзыв",
    "tags": [],
    "subsection": 1
  },
  {
    "id": 298323,
    "imgUrls": [
      "//s.f.kz/prod/299/298323_550.jpg"
    ],
    "title": "Личная жизнь духов и привидений",
    "price": "2 667 ₸",
    "oldPrice": "",
    "description": "твердый переплет, 2013ЛомоносовЪ, ЛУЧ",
    "rating": "",
    "reviewsCount": "",
    "tags": [],
    "subsection": 1
  },
  {
    "id": 879049,
    "imgUrls": [
      "//s.f.kz/prod/880/879049_550.jpg"
    ],
    "title": "Атлантида, Гиперборея и Древняя Русь",
    "price": "2 088 ₸",
    "oldPrice": "",
    "description": "твердый переплет, 2017Гранд-Фаир",
    "rating": "",
    "reviewsCount": "",
    "tags": [],
    "subsection": 1
  },
  {
    "id": 322068,
    "imgUrls": [
      "//s.f.kz/prod/323/322068_550.jpg"
    ],
    "title": "Тайный код Москвы",
    "price": "5 784 ₸",
    "oldPrice": "",
    "description": "твердый переплет, 2021Вече, Исторический путеводитель",
    "rating": "",
    "reviewsCount": "",
    "tags": [],
    "subsection": 1
  },
  {
    "id": 3005185,
    "imgUrls": [
      "//s.f.kz/prod/3006/3005185_550.jpg",
      "//s.f.kz/prod/photo/4177/4176618_550.jpg"
    ],
    "title": "Уфологи в штатском. Как спецслужбы работают",
    "price": "3 223 ₸",
    "oldPrice": "",
    "description": "мягкая обложка, 2023Индивидуум паблишинг",
    "rating": "",
    "reviewsCount": "",
    "tags": [],
    "subsection": 1
  },
  {
    "id": 2588545,
    "imgUrls": [
      "//s.f.kz/prod/2589/2588545_550.jpg"
    ],
    "title": "Большая книга нейрозаданий для детей",
    "price": "2 479 ₸",
    "oldPrice": "3 306 ₸",
    "description": "мягкая обложка, 2023Питер, Питер Класс, Скоро в школу ",
    "rating": "",
    "reviewsCount": "",
    "tags": [],
    "subsection": 1
  },
  {
    "id": 2673685,
    "imgUrls": [
      "//s.f.kz/prod/2674/2673685_550.jpg"
    ],
    "title": "Грамматические тетради",
    "price": "3 741 ₸",
    "oldPrice": "",
    "description": "мягкая обложка, 2021Сфера, Предшкольная подготовка",
    "rating": "",
    "reviewsCount": "",
    "tags": [],
    "subsection": 1
  },
  {
    "id": 2729382,
    "imgUrls": [
      "//s.f.kz/prod/2730/2729382_550.jpg",
      "//s.f.kz/prod/photo/3350/3349615_550.jpg",
      "//s.f.kz/prod/photo/3350/3349616_550.jpg"
    ],
    "title": "Скоро в школу. Математика",
    "price": "1 596 ₸",
    "oldPrice": "",
    "description": "мягкая обложка, 2023Malamalama, Скоро в школу",
    "rating": "5.0",
    "reviewsCount": "1 отзыв",
    "tags": [],
    "subsection": 1
  },
  {
    "id": 2773557,
    "imgUrls": [
      "//s.f.kz/prod/2774/2773557_550.jpg"
    ],
    "title": "Все, что должен знать ребенок. 6-7 лет",
    "price": "1 295 ₸",
    "oldPrice": "",
    "description": "мягкая обложка, 2022Проф-Пресс, Все, что должен знать ребенок",
    "rating": "",
    "reviewsCount": "",
    "tags": [],
    "subsection": 1
  },
  {
    "id": 3002222,
    "imgUrls": [
      "//s.f.kz/prod/3003/3002222_550.jpg"
    ],
    "title": "Подготовка к школе",
    "price": "1 299 ₸",
    "oldPrice": "2 165 ₸",
    "description": "мягкая обложка, 2023Стрекоза, Школа маленьких совят с наклейками",
    "rating": "",
    "reviewsCount": "",
    "tags": [],
    "subsection": 1
  },
  {
    "id": 2605459,
    "imgUrls": [
      "//s.f.kz/prod/2606/2605459_550.jpg",
      "//s.f.kz/prod/photo/3064/3063995_550.jpg",
      "//s.f.kz/prod/photo/3064/3064000_550.jpg"
    ],
    "title": "Годовой курс занятий",
    "price": "1 724 ₸",
    "oldPrice": "2 299 ₸",
    "description": "мягкая обложка, 2022Буква-Ленд, Годовые курсы Буква-Ленд",
    "rating": "",
    "reviewsCount": "",
    "tags": [],
    "subsection": 1
  },
  {
    "id": 3021337,
    "imgUrls": [
      "//s.f.kz/prod/3022/3021337_550.jpg",
      "//s.f.kz/prod/photo/4229/4228833_550.jpg",
      "//s.f.kz/prod/photo/4229/4228834_550.jpg",
      "//s.f.kz/prod/photo/4229/4228835_550.jpg"
    ],
    "title": "Набор стикеров-закладок «Время загадывать желания»",
    "price": "506 ₸",
    "oldPrice": "675 ₸",
    "description": "9 шт., 14 × 7,6 смArtFox, Котэ new year edition",
    "rating": "5.0",
    "reviewsCount": "1 отзыв",
    "tags": [],
    "subsection": 1
  },
  {
    "id": 2567924,
    "imgUrls": [
      "//s.f.kz/prod/2568/2567924_550.jpg"
    ],
    "title": "Стикеры-закладки",
    "price": "355 ₸",
    "oldPrice": "474 ₸",
    "description": "40 шт., пластик, 5 × 5 см; 5,2 × 7,3 см Феникс +",
    "rating": "5.0",
    "reviewsCount": "2 отзыва",
    "tags": [],
    "subsection": 1
  },
  {
    "id": 3173065,
    "imgUrls": [
      "//s.f.kz/prod/3174/3173065_550.jpg"
    ],
    "title": "Набор закладок магнитных «Бабочки»",
    "price": "387 ₸",
    "oldPrice": "",
    "description": "3 шт., магнитГорчаков",
    "rating": "",
    "reviewsCount": "",
    "tags": [],
    "subsection": 1
  },
  {
    "id": 2678707,
    "imgUrls": [
      "//s.f.kz/prod/2679/2678707_550.jpg",
      "//s.f.kz/prod/photo/3219/3218041_550.jpg",
      "//s.f.kz/prod/photo/3219/3218042_550.jpg",
      "//s.f.kz/prod/photo/3219/3218043_550.jpg"
    ],
    "title": "Закладки для книг магнитные",
    "price": "582 ₸",
    "oldPrice": "",
    "description": "6 шт., винил, синтетическая бумага, 6 × 2 см Brauberg",
    "rating": "4.9",
    "reviewsCount": "25 отзывов",
    "tags": [],
    "subsection": 1
  },
  {
    "id": 2567940,
    "imgUrls": [
      "//s.f.kz/prod/2568/2567940_550.jpg"
    ],
    "title": "Стикеры-закладки",
    "price": "433 ₸",
    "oldPrice": "577 ₸",
    "description": "160 шт., пластик, 1,7 × 4,5 см; 2,5 × 3,2 см Феникс +",
    "rating": "5.0",
    "reviewsCount": "2 отзыва",
    "tags": [],
    "subsection": 1
  },
  {
    "id": 2567927,
    "imgUrls": [
      "//s.f.kz/prod/2568/2567927_550.jpg"
    ],
    "title": "Стикеры-закладки",
    "price": "286 ₸",
    "oldPrice": "382 ₸",
    "description": "60 шт., пластик, 1,2 × 5,5 см; 4,5 × 4,5 см Феникс +",
    "rating": "",
    "reviewsCount": "",
    "tags": [],
    "subsection": 1
  },
  {
    "id": 2076336,
    "imgUrls": [
      "//s.f.kz/prod/2077/2076336_550.jpg",
      "//s.f.kz/prod/photo/5502/5501527_550.jpg"
    ],
    "title": "В конце они оба умрут",
    "price": "3 490 ₸",
    "oldPrice": "",
    "description": "мягкая обложка, 2021Popcorn Books",
    "rating": "4.6",
    "reviewsCount": "230 отзывов",
    "tags": [],
    "subsection": 1
  },
  {
    "id": 785876,
    "imgUrls": [
      "//s.f.kz/prod/786/785876_550.jpg"
    ],
    "title": "Спеши любить",
    "price": "1 254 ₸",
    "oldPrice": "",
    "description": "мягкая обложка, 2016АСТ, Эксклюзивная классика",
    "rating": "4.9",
    "reviewsCount": "381 отзыв",
    "tags": [],
    "subsection": 1
  },
  {
    "id": 1890055,
    "imgUrls": [
      "//s.f.kz/prod/1891/1890055_550.jpg"
    ],
    "title": "Тревожные люди",
    "price": "4 460 ₸",
    "oldPrice": "",
    "description": "твердый переплет, 2022Синдбад",
    "rating": "4.9",
    "reviewsCount": "22 отзыва",
    "tags": [],
    "subsection": 1
  },
  {
    "id": 3373036,
    "imgUrls": [
      "//s.f.kz/prod/3374/3373036_550.jpg",
      "//s.f.kz/prod/photo/5467/5466242_550.jpg"
    ],
    "title": "Железное пламя",
    "price": "6 990 ₸",
    "oldPrice": "",
    "description": "твердый переплет, 2024Кислород",
    "rating": "",
    "reviewsCount": "",
    "tags": [],
    "subsection": 1
  },
  {
    "id": 1844555,
    "imgUrls": [
      "//s.f.kz/prod/1845/1844555_550.jpg"
    ],
    "title": "Король Воронов",
    "price": "3 790 ₸",
    "oldPrice": "",
    "description": "мягкая обложка, 2020Popcorn Books, Все ради игры",
    "rating": "4.9",
    "reviewsCount": "171 отзыв",
    "tags": [],
    "subsection": 1
  },
  {
    "id": 3352469,
    "imgUrls": [
      "//s.f.kz/prod/3353/3352469_550.jpg",
      "//s.f.kz/prod/photo/5388/5387733_550.jpg",
      "//s.f.kz/prod/photo/5388/5387734_550.jpg",
      "//s.f.kz/prod/photo/5388/5387735_550.jpg"
    ],
    "title": "Атомные привычки. Как приобрести хорошие привычки",
    "price": "2 035 ₸",
    "oldPrice": "2 713 ₸",
    "description": "мягкая обложка, 2024Питер, Сам себе психолог",
    "rating": "5.0",
    "reviewsCount": "13 отзывов",
    "tags": [],
    "subsection": 1
  }
]