[
  {
    "id": 1775126,
    "imgUrls": [
      "//s.f.kz/prod/1776/1775126_550.jpg"
    ],
    "title": "Работа с базами данных Microsoft SQL Server",
    "price": "4 356 ₸",
    "oldPrice": "",
    "description": "твердый переплет, 2020ДиректМедиа",
    "rating": "",
    "reviewsCount": "",
    "tags": [],
    "subsection": 10
  },
  {
    "id": 3147058,
    "imgUrls": [
      "//s.f.kz/prod/3148/3147058_550.jpg"
    ],
    "title": "Microsoft SQL Server 2022",
    "price": "6 593 ₸",
    "oldPrice": "",
    "description": "мягкая обложка, 2023BHV",
    "rating": "",
    "reviewsCount": "",
    "tags": [],
    "subsection": 10
  }
]