[
  {
    "id": 2951899,
    "imgUrls": [
      "//s.f.kz/prod/2952/2951899_550.jpg",
      "//s.f.kz/prod/photo/4030/4029729_550.jpg"
    ],
    "title": "PHP и MYSQL",
    "price": "13 821 ₸",
    "oldPrice": "",
    "description": "твердый переплет, 2023Эксмо, Мировой компьютерный бестселлер",
    "rating": "",
    "reviewsCount": "",
    "tags": [],
    "subsection": 7
  },
  {
    "id": 2417279,
    "imgUrls": [
      "//s.f.kz/prod/2418/2417279_550.jpg"
    ],
    "title": "SQL. Быстрое погружение",
    "price": "5 117 ₸",
    "oldPrice": "6 823 ₸",
    "description": "мягкая обложка, 2022Питер, Библиотека программиста",
    "rating": "",
    "reviewsCount": "",
    "tags": [],
    "subsection": 7
  },
  {
    "id": 3467997,
    "imgUrls": [
      "//s.f.kz/prod/3468/3467997_550.jpg",
      "//s.f.kz/prod/photo/5792/5791400_550.jpg",
      "//s.f.kz/prod/photo/5792/5791401_550.jpg",
      "//s.f.kz/prod/photo/5792/5791402_550.jpg"
    ],
    "title": "PostgreSQL. SQL + PL/pgSQL для тех, кто хочет стать профессионалом",
    "price": "7 758 ₸",
    "oldPrice": "",
    "description": "мягкая обложка, 2024Наука и Техника",
    "rating": "",
    "reviewsCount": "",
    "tags": [],
    "subsection": 7
  },
  {
    "id": 2565854,
    "imgUrls": [
      "//s.f.kz/prod/2566/2565854_550.jpg"
    ],
    "title": "Хакинг на Linux",
    "price": "3 813 ₸",
    "oldPrice": "",
    "description": "мягкая обложка, 2022Наука и Техника",
    "rating": "",
    "reviewsCount": "",
    "tags": [],
    "subsection": 7
  },
  {
    "id": 2853805,
    "imgUrls": [
      "//s.f.kz/prod/2854/2853805_550.jpg"
    ],
    "title": "Настройка производительности MySQL",
    "price": "6 978 ₸",
    "oldPrice": "",
    "description": "мягкая обложка, 2023BHV, O'REILLY",
    "rating": "",
    "reviewsCount": "",
    "tags": [],
    "subsection": 7
  },
  {
    "id": 2914334,
    "imgUrls": [
      "//s.f.kz/prod/2915/2914334_550.jpg"
    ],
    "title": "Изучаем MySQL",
    "price": "10 308 ₸",
    "oldPrice": "",
    "description": "мягкая обложка, 2023BHV, O'REILLY",
    "rating": "",
    "reviewsCount": "",
    "tags": [],
    "subsection": 7
  },
  {
    "id": 3147051,
    "imgUrls": [
      "//s.f.kz/prod/3148/3147051_550.jpg"
    ],
    "title": "SQL для анализа данных",
    "price": "6 843 ₸",
    "oldPrice": "",
    "description": "мягкая обложка, 2023BHV",
    "rating": "",
    "reviewsCount": "",
    "tags": [],
    "subsection": 7
  },
  {
    "id": 3175450,
    "imgUrls": [
      "//s.f.kz/prod/3176/3175450_550.jpg",
      "//s.f.kz/prod/photo/4730/4729502_550.jpg"
    ],
    "title": "MySQL. Практические рецепты",
    "price": "9 938 ₸",
    "oldPrice": "",
    "description": "мягкая обложка, 2023BHV",
    "rating": "",
    "reviewsCount": "",
    "tags": [],
    "subsection": 7
  },
  {
    "id": 1324255,
    "imgUrls": [
      "//s.f.kz/prod/1325/1324255_550.jpg"
    ],
    "title": "MySQL 8 для больших данных",
    "price": "5 840 ₸",
    "oldPrice": "7 300 ₸",
    "description": "мягкая обложка, 2018ДМК Пресс",
    "rating": "",
    "reviewsCount": "",
    "tags": [],
    "subsection": 7
  },
  {
    "id": 2735896,
    "imgUrls": [
      "//s.f.kz/prod/2736/2735896_550.jpg"
    ],
    "title": "PostgreSQL 15 изнутри",
    "price": "",
    "oldPrice": "",
    "description": "твердый переплет, 2023ДМК Пресс",
    "rating": "",
    "reviewsCount": "",
    "tags": [],
    "subsection": 7
  },
  {
    "id": 2398713,
    "imgUrls": [
      "//s.f.kz/prod/2399/2398713_550.jpg"
    ],
    "title": "Разработка веб-приложений на WordPress",
    "price": "",
    "oldPrice": "",
    "description": "мягкая обложка, 2021BHV",
    "rating": "",
    "reviewsCount": "",
    "tags": [],
    "subsection": 7
  },
  {
    "id": 2398819,
    "imgUrls": [
      "//s.f.kz/prod/2399/2398819_550.jpg"
    ],
    "title": "PHP и MySQL. 25 уроков для начинающих",
    "price": "",
    "oldPrice": "",
    "description": "мягкая обложка, 2021BHV, Для начинающих",
    "rating": "",
    "reviewsCount": "",
    "tags": [],
    "subsection": 7
  }
]