[
  {
    "id": 1307339,
    "imgUrls": [
      "//s.f.kz/prod/1308/1307339_550.jpg"
    ],
    "title": "Oracle PL/SQL за 10 минут",
    "price": "12 768 ₸",
    "oldPrice": "",
    "description": "мягкая обложка, 2019Диалектика / Вильямс",
    "rating": "5.0",
    "reviewsCount": "1 отзыв",
    "tags": [],
    "subsection": 8
  },
  {
    "id": 1325070,
    "imgUrls": [
      "//s.f.kz/prod/1326/1325070_550.jpg"
    ],
    "title": "Руководство по диагностике и устранению проблем в Oracle",
    "price": "5 613 ₸",
    "oldPrice": "7 016 ₸",
    "description": "твердый переплет, 2017ДМК Пресс",
    "rating": "",
    "reviewsCount": "",
    "tags": [],
    "subsection": 8
  },
  {
    "id": 139310,
    "imgUrls": [
      "//s.f.kz/prod/140/139310_550.jpg"
    ],
    "title": "Безопасность Oracle глазами аудитора",
    "price": "",
    "oldPrice": "",
    "description": "мягкая обложка, 2013ДМК Пресс",
    "rating": "",
    "reviewsCount": "",
    "tags": [],
    "subsection": 8
  },
  {
    "id": 1323958,
    "imgUrls": [
      "//s.f.kz/prod/1324/1323958_550.jpg"
    ],
    "title": "Oracle Database 11g. Том 1",
    "price": "",
    "oldPrice": "",
    "description": "мягкая обложка, 2017ДМК Пресс, ORACLE",
    "rating": "",
    "reviewsCount": "",
    "tags": [],
    "subsection": 8
  },
  {
    "id": 1323963,
    "imgUrls": [
      "//s.f.kz/prod/1324/1323963_550.jpg"
    ],
    "title": "Oracle Database 11g. Том 2",
    "price": "",
    "oldPrice": "",
    "description": "мягкая обложка, 2017ДМК Пресс, ORACLE",
    "rating": "",
    "reviewsCount": "",
    "tags": [],
    "subsection": 8
  }
]