[
  {
    "id": 1086162,
    "imgUrls": [
      "//s.f.kz/prod/1087/1086162_550.jpg"
    ],
    "title": "Высоконагруженные приложения",
    "price": "11 934 ₸",
    "oldPrice": "15 912 ₸",
    "description": "мягкая обложка, 2024Sprint Book, Бестселлеры O'Reilly",
    "rating": "5.0",
    "reviewsCount": "10 отзывов",
    "tags": [],
    "subsection": 5
  },
  {
    "id": 2285311,
    "imgUrls": [
      "//s.f.kz/prod/2286/2285311_550.jpg"
    ],
    "title": "Head First. Паттерны проектирования",
    "price": "10 280 ₸",
    "oldPrice": "13 707 ₸",
    "description": "мягкая обложка, 2022Питер, Head First O'Reilly",
    "rating": "5.0",
    "reviewsCount": "2 отзыва",
    "tags": [],
    "subsection": 5
  },
  {
    "id": 2550696,
    "imgUrls": [
      "//s.f.kz/prod/2551/2550696_550.jpg"
    ],
    "title": "Kubernetes на практике",
    "price": "8 831 ₸",
    "oldPrice": "",
    "description": "мягкая обложка, 2022BHV",
    "rating": "",
    "reviewsCount": "",
    "tags": [],
    "subsection": 5
  },
  {
    "id": 3277367,
    "imgUrls": [
      "//s.f.kz/prod/3278/3277367_550.jpg"
    ],
    "title": "Методы восстановления непараметрической регрессии",
    "price": "8 499 ₸",
    "oldPrice": "",
    "description": "твердый переплет, 2024Инфра-Инженерия",
    "rating": "",
    "reviewsCount": "",
    "tags": [],
    "subsection": 5
  },
  {
    "id": 565805,
    "imgUrls": [
      "//s.f.kz/prod/566/565805_550.jpg"
    ],
    "title": "Ядро Oracle",
    "price": "5 564 ₸",
    "oldPrice": "6 955 ₸",
    "description": "мягкая обложка, 2015ДМК Пресс",
    "rating": "",
    "reviewsCount": "",
    "tags": [],
    "subsection": 5
  },
  {
    "id": 2464188,
    "imgUrls": [
      "//s.f.kz/prod/2465/2464188_550.jpg"
    ],
    "title": "Криптографические основы блокчейн-технологий",
    "price": "5 877 ₸",
    "oldPrice": "7 346 ₸",
    "description": "твердый переплет, 2022ДМК Пресс",
    "rating": "",
    "reviewsCount": "",
    "tags": [],
    "subsection": 5
  },
  {
    "id": 2736256,
    "imgUrls": [
      "//s.f.kz/prod/2737/2736256_550.jpg"
    ],
    "title": "Усовершенствованные структуры данных",
    "price": "11 717 ₸",
    "oldPrice": "14 646 ₸",
    "description": "твердый переплет, 2023ДМК Пресс",
    "rating": "",
    "reviewsCount": "",
    "tags": [],
    "subsection": 5
  },
  {
    "id": 1502885,
    "imgUrls": [
      "//s.f.kz/prod/1503/1502885_550.jpg"
    ],
    "title": "Глубокое обучение в биологии и медицине",
    "price": "",
    "oldPrice": "",
    "description": "мягкая обложка, 2019ДМК Пресс",
    "rating": "",
    "reviewsCount": "",
    "tags": [],
    "subsection": 5
  },
  {
    "id": 741344,
    "imgUrls": [
      "//s.f.kz/prod/742/741344_550.jpg"
    ],
    "title": "Введение в системы баз данных",
    "price": "",
    "oldPrice": "",
    "description": "твердый переплет, 2019Вильямс, Диалектика / Вильямс",
    "rating": "",
    "reviewsCount": "",
    "tags": [],
    "subsection": 5
  },
  {
    "id": 2582118,
    "imgUrls": [
      "//s.f.kz/prod/2583/2582118_550.jpg"
    ],
    "title": "Разработка и защита баз данных",
    "price": "",
    "oldPrice": "",
    "description": "твердый переплет, 2021Academia, Академия, Профессиональное образование",
    "rating": "",
    "reviewsCount": "",
    "tags": [],
    "subsection": 5
  },
  {
    "id": 2582226,
    "imgUrls": [
      "//s.f.kz/prod/2583/2582226_550.jpg"
    ],
    "title": "Основы проектирования баз данных",
    "price": "",
    "oldPrice": "",
    "description": "твердый переплет, 2021Academia, Академия, Профессиональное образование",
    "rating": "",
    "reviewsCount": "",
    "tags": [],
    "subsection": 5
  },
  {
    "id": 2767821,
    "imgUrls": [
      "//s.f.kz/prod/2768/2767821_550.jpg"
    ],
    "title": "Математические и программные методы построения моделей глубокого обучения",
    "price": "",
    "oldPrice": "",
    "description": "твердый переплет, 2023Инфра-Инженерия",
    "rating": "",
    "reviewsCount": "",
    "tags": [],
    "subsection": 5
  }
]