[
  {
    "id": 1307339,
    "imgUrls": [
      "//s.f.kz/prod/1308/1307339_550.jpg"
    ],
    "title": "Oracle PL/SQL за 10 минут",
    "price": "12 768 ₸",
    "oldPrice": "",
    "description": "мягкая обложка, 2019Диалектика / Вильямс",
    "rating": "5.0",
    "reviewsCount": "1 отзыв",
    "tags": [],
    "subsection": 6
  },
  {
    "id": 1302356,
    "imgUrls": [
      "//s.f.kz/prod/1303/1302356_550.jpg"
    ],
    "title": "SQL: полное руководство",
    "price": "24 273 ₸",
    "oldPrice": "",
    "description": "твердый переплет, 2019Диалектика, Полный справочник",
    "rating": "5.0",
    "reviewsCount": "1 отзыв",
    "tags": [],
    "subsection": 6
  },
  {
    "id": 1262355,
    "imgUrls": [
      "//s.f.kz/prod/1263/1262355_550.jpg"
    ],
    "title": "Теоретический минимум по Big Data",
    "price": "3 973 ₸",
    "oldPrice": "5 297 ₸",
    "description": "мягкая обложка, 2018Питер, Библиотека программиста",
    "rating": "4.0",
    "reviewsCount": "2 отзыва",
    "tags": [],
    "subsection": 6
  },
  {
    "id": 1614175,
    "imgUrls": [
      "//s.f.kz/prod/1615/1614175_550.jpg"
    ],
    "title": "SQL для «чайников»",
    "price": "12 482 ₸",
    "oldPrice": "",
    "description": "мягкая обложка, 2020Диалектика, Для «чайников»",
    "rating": "4.0",
    "reviewsCount": "1 отзыв",
    "tags": [],
    "subsection": 6
  },
  {
    "id": 263442,
    "imgUrls": [
      "//s.f.kz/prod/264/263442_550.jpg"
    ],
    "title": "MongoDB в действии",
    "price": "5 370 ₸",
    "oldPrice": "6 713 ₸",
    "description": "мягкая обложка, 2017ДМК Пресс",
    "rating": "",
    "reviewsCount": "",
    "tags": [],
    "subsection": 6
  },
  {
    "id": 3352635,
    "imgUrls": [
      "//s.f.kz/prod/3353/3352635_550.jpg",
      "//s.f.kz/prod/photo/5389/5388430_550.jpg",
      "//s.f.kz/prod/photo/5389/5388431_550.jpg",
      "//s.f.kz/prod/photo/5389/5388432_550.jpg"
    ],
    "title": "SQL. Pocket guide",
    "price": "5 706 ₸",
    "oldPrice": "7 608 ₸",
    "description": "мягкая обложка, 2024Sprint Book, Бестселлеры O'Reilly",
    "rating": "",
    "reviewsCount": "",
    "tags": [],
    "subsection": 6
  },
  {
    "id": 2759346,
    "imgUrls": [
      "//s.f.kz/prod/2760/2759346_550.jpg"
    ],
    "title": "SQL Server. Наладка и оптимизация",
    "price": "14 258 ₸",
    "oldPrice": "19 011 ₸",
    "description": "мягкая обложка, 2023Питер, Прогресс книга, Библиотека программиста",
    "rating": "",
    "reviewsCount": "",
    "tags": [],
    "subsection": 6
  },
  {
    "id": 3352349,
    "imgUrls": [
      "//s.f.kz/prod/3353/3352349_550.jpg",
      "//s.f.kz/prod/photo/5388/5387395_550.jpg",
      "//s.f.kz/prod/photo/5388/5387396_550.jpg",
      "//s.f.kz/prod/photo/5388/5387397_550.jpg"
    ],
    "title": "Антипаттерны SQL. Как избежать ловушек",
    "price": "11 349 ₸",
    "oldPrice": "15 132 ₸",
    "description": "мягкая обложка, 2024Питер, Библиотека программиста",
    "rating": "",
    "reviewsCount": "",
    "tags": [],
    "subsection": 6
  },
  {
    "id": 2398022,
    "imgUrls": [
      "//s.f.kz/prod/2399/2398022_550.jpg"
    ],
    "title": "Data Science. Наука о данных с нуля",
    "price": "6 249 ₸",
    "oldPrice": "",
    "description": "мягкая обложка, 2021BHV",
    "rating": "",
    "reviewsCount": "",
    "tags": [],
    "subsection": 6
  },
  {
    "id": 2598641,
    "imgUrls": [
      "//s.f.kz/prod/2599/2598641_550.jpg"
    ],
    "title": "Данные: хранение и обработка",
    "price": "6 455 ₸",
    "oldPrice": "",
    "description": "твердый переплет, 2021ИНФРА-М",
    "rating": "",
    "reviewsCount": "",
    "tags": [],
    "subsection": 6
  },
  {
    "id": 3484047,
    "imgUrls": [
      "//s.f.kz/prod/3485/3484047_550.jpg"
    ],
    "title": "Мониторинг PostgreSQL",
    "price": "11 394 ₸",
    "oldPrice": "14 243 ₸",
    "description": "мягкая обложка, 2024ДМК Пресс, Справочное пособие",
    "rating": "",
    "reviewsCount": "",
    "tags": [],
    "subsection": 6
  },
  {
    "id": 864044,
    "imgUrls": [
      "//s.f.kz/prod/865/864044_550.jpg"
    ],
    "title": "Cassandra. Полное руководство",
    "price": "5 560 ₸",
    "oldPrice": "6 950 ₸",
    "description": "мягкая обложка, 2017ДМК Пресс",
    "rating": "",
    "reviewsCount": "",
    "tags": [],
    "subsection": 6
  },
  {
    "id": 1324049,
    "imgUrls": [
      "//s.f.kz/prod/1325/1324049_550.jpg"
    ],
    "title": "Изучаем PostgreSQL10",
    "price": "7 341 ₸",
    "oldPrice": "9 176 ₸",
    "description": "мягкая обложка, 2018ДМК Пресс",
    "rating": "",
    "reviewsCount": "",
    "tags": [],
    "subsection": 6
  },
  {
    "id": 1337787,
    "imgUrls": [
      "//s.f.kz/prod/1338/1337787_550.jpg"
    ],
    "title": "PostgreSQL 11",
    "price": "7 920 ₸",
    "oldPrice": "9 900 ₸",
    "description": "мягкая обложка, 2019ДМК Пресс",
    "rating": "",
    "reviewsCount": "",
    "tags": [],
    "subsection": 6
  },
  {
    "id": 1659123,
    "imgUrls": [
      "//s.f.kz/prod/1660/1659123_550.jpg"
    ],
    "title": "Mongo DB. Полное руководство",
    "price": "10 267 ₸",
    "oldPrice": "12 834 ₸",
    "description": "твердый переплет, 2020ДМК Пресс",
    "rating": "",
    "reviewsCount": "",
    "tags": [],
    "subsection": 6
  },
  {
    "id": 1811636,
    "imgUrls": [
      "//s.f.kz/prod/1812/1811636_550.jpg"
    ],
    "title": "Инновации SQL Server 2019",
    "price": "7 645 ₸",
    "oldPrice": "9 556 ₸",
    "description": "твердый переплет, 2020ДМК Пресс",
    "rating": "",
    "reviewsCount": "",
    "tags": [],
    "subsection": 6
  },
  {
    "id": 2339700,
    "imgUrls": [
      "//s.f.kz/prod/2340/2339700_550.jpg"
    ],
    "title": "SQL для простых смертных",
    "price": "6 182 ₸",
    "oldPrice": "7 727 ₸",
    "description": "мягкая обложка, 2012ДМК Пресс",
    "rating": "",
    "reviewsCount": "",
    "tags": [],
    "subsection": 6
  },
  {
    "id": 321418,
    "imgUrls": [
      "//s.f.kz/prod/322/321418_550.jpg"
    ],
    "title": "Семь баз данных за семь недель",
    "price": "",
    "oldPrice": "",
    "description": "мягкая обложка, 2013ДМК Пресс",
    "rating": "",
    "reviewsCount": "",
    "tags": [],
    "subsection": 6
  },
  {
    "id": 3485157,
    "imgUrls": [
      "//s.f.kz/prod/3486/3485157_550.jpg"
    ],
    "title": "PostgreSQL 16 изнутри",
    "price": "",
    "oldPrice": "",
    "description": "твердый переплет, 2024ДМК Пресс",
    "rating": "",
    "reviewsCount": "",
    "tags": [],
    "subsection": 6
  },
  {
    "id": 47,
    "imgUrls": [
      "//s.f.kz/prod/1/47_550.jpg"
    ],
    "title": "Изучаем SQL",
    "price": "",
    "oldPrice": "",
    "description": "мягкая обложка, Символ-Плюс",
    "rating": "",
    "reviewsCount": "",
    "tags": [],
    "subsection": 6
  },
  {
    "id": 1345736,
    "imgUrls": [
      "//s.f.kz/prod/1346/1345736_550.jpg"
    ],
    "title": "Big Data простым языком",
    "price": "",
    "oldPrice": "",
    "description": "твердый переплет, 2019АСТ, Бизнес-бук",
    "rating": "",
    "reviewsCount": "",
    "tags": [],
    "subsection": 6
  }
]