[
  {
    "id": 1086162,
    "imgUrls": [
      "//s.f.kz/prod/1087/1086162_550.jpg"
    ],
    "title": "Высоконагруженные приложения",
    "price": "11 934 ₸",
    "oldPrice": "15 912 ₸",
    "description": "мягкая обложка, 2024Sprint Book, Бестселлеры O'Reilly",
    "rating": "5.0",
    "reviewsCount": "10 отзывов",
    "tags": [],
    "subsection": 3
  },
  {
    "id": 2398109,
    "imgUrls": [
      "//s.f.kz/prod/2399/2398109_550.jpg"
    ],
    "title": "Power Query в Excel и Power BI",
    "price": "6 861 ₸",
    "oldPrice": "",
    "description": "мягкая обложка, 2022BHV",
    "rating": "5.0",
    "reviewsCount": "2 отзыва",
    "tags": [],
    "subsection": 3
  },
  {
    "id": 943240,
    "imgUrls": [
      "//s.f.kz/prod/944/943240_550.jpg"
    ],
    "title": "Python для сложных задач",
    "price": "8 006 ₸",
    "oldPrice": "10 675 ₸",
    "description": "мягкая обложка, 2020Питер, Бестселлеры O'Reilly",
    "rating": "5.0",
    "reviewsCount": "2 отзыва",
    "tags": [],
    "subsection": 3
  },
  {
    "id": 2285311,
    "imgUrls": [
      "//s.f.kz/prod/2286/2285311_550.jpg"
    ],
    "title": "Head First. Паттерны проектирования",
    "price": "10 280 ₸",
    "oldPrice": "13 707 ₸",
    "description": "мягкая обложка, 2022Питер, Head First O'Reilly",
    "rating": "5.0",
    "reviewsCount": "2 отзыва",
    "tags": [],
    "subsection": 3
  },
  {
    "id": 1307339,
    "imgUrls": [
      "//s.f.kz/prod/1308/1307339_550.jpg"
    ],
    "title": "Oracle PL/SQL за 10 минут",
    "price": "12 768 ₸",
    "oldPrice": "",
    "description": "мягкая обложка, 2019Диалектика / Вильямс",
    "rating": "5.0",
    "reviewsCount": "1 отзыв",
    "tags": [],
    "subsection": 3
  },
  {
    "id": 2758578,
    "imgUrls": [
      "//s.f.kz/prod/2759/2758578_550.jpg",
      "//s.f.kz/prod/photo/3420/3419165_550.jpg"
    ],
    "title": "Разберись в Data Science",
    "price": "6 491 ₸",
    "oldPrice": "",
    "description": "твердый переплет, 2023Бомбора, Data Science. Лучшие книги о науке о данных",
    "rating": "5.0",
    "reviewsCount": "1 отзыв",
    "tags": [],
    "subsection": 3
  },
  {
    "id": 1302356,
    "imgUrls": [
      "//s.f.kz/prod/1303/1302356_550.jpg"
    ],
    "title": "SQL: полное руководство",
    "price": "24 273 ₸",
    "oldPrice": "",
    "description": "твердый переплет, 2019Диалектика, Полный справочник",
    "rating": "5.0",
    "reviewsCount": "1 отзыв",
    "tags": [],
    "subsection": 3
  },
  {
    "id": 1262355,
    "imgUrls": [
      "//s.f.kz/prod/1263/1262355_550.jpg"
    ],
    "title": "Теоретический минимум по Big Data",
    "price": "3 973 ₸",
    "oldPrice": "5 297 ₸",
    "description": "мягкая обложка, 2018Питер, Библиотека программиста",
    "rating": "4.0",
    "reviewsCount": "2 отзыва",
    "tags": [],
    "subsection": 3
  },
  {
    "id": 1614175,
    "imgUrls": [
      "//s.f.kz/prod/1615/1614175_550.jpg"
    ],
    "title": "SQL для «чайников»",
    "price": "12 482 ₸",
    "oldPrice": "",
    "description": "мягкая обложка, 2020Диалектика, Для «чайников»",
    "rating": "4.0",
    "reviewsCount": "1 отзыв",
    "tags": [],
    "subsection": 3
  },
  {
    "id": 263442,
    "imgUrls": [
      "//s.f.kz/prod/264/263442_550.jpg"
    ],
    "title": "MongoDB в действии",
    "price": "5 370 ₸",
    "oldPrice": "6 713 ₸",
    "description": "мягкая обложка, 2017ДМК Пресс",
    "rating": "",
    "reviewsCount": "",
    "tags": [],
    "subsection": 3
  },
  {
    "id": 1126086,
    "imgUrls": [
      "//s.f.kz/prod/1127/1126086_550.jpg"
    ],
    "title": "Основы робототехники",
    "price": "6 084 ₸",
    "oldPrice": "",
    "description": "твердый переплет, 2022BHV, БХВ-Петербург, Электроника",
    "rating": "",
    "reviewsCount": "",
    "tags": [],
    "subsection": 3
  },
  {
    "id": 2951899,
    "imgUrls": [
      "//s.f.kz/prod/2952/2951899_550.jpg",
      "//s.f.kz/prod/photo/4030/4029729_550.jpg"
    ],
    "title": "PHP и MYSQL",
    "price": "13 821 ₸",
    "oldPrice": "",
    "description": "твердый переплет, 2023Эксмо, Мировой компьютерный бестселлер",
    "rating": "",
    "reviewsCount": "",
    "tags": [],
    "subsection": 3
  },
  {
    "id": 3352635,
    "imgUrls": [
      "//s.f.kz/prod/3353/3352635_550.jpg",
      "//s.f.kz/prod/photo/5389/5388430_550.jpg",
      "//s.f.kz/prod/photo/5389/5388431_550.jpg",
      "//s.f.kz/prod/photo/5389/5388432_550.jpg"
    ],
    "title": "SQL. Pocket guide",
    "price": "5 706 ₸",
    "oldPrice": "7 608 ₸",
    "description": "мягкая обложка, 2024Sprint Book, Бестселлеры O'Reilly",
    "rating": "",
    "reviewsCount": "",
    "tags": [],
    "subsection": 3
  },
  {
    "id": 3391769,
    "imgUrls": [
      "//s.f.kz/prod/3392/3391769_550.jpg",
      "//s.f.kz/prod/photo/5531/5530034_550.jpg"
    ],
    "title": "Как быть успешным в Data Science",
    "price": "11 625 ₸",
    "oldPrice": "",
    "description": "твердый переплет, 2024Эксмо, Бомбора, Data Science. Лучшие книги о науке о данных",
    "rating": "",
    "reviewsCount": "",
    "tags": [],
    "subsection": 3
  },
  {
    "id": 2629253,
    "imgUrls": [
      "//s.f.kz/prod/2630/2629253_550.jpg"
    ],
    "title": "Computer Science для программиста-самоучки",
    "price": "5 710 ₸",
    "oldPrice": "7 613 ₸",
    "description": "мягкая обложка, 2023Питер, Прогресс книга, Библиотека программиста",
    "rating": "",
    "reviewsCount": "",
    "tags": [],
    "subsection": 3
  },
  {
    "id": 2100255,
    "imgUrls": [
      "//s.f.kz/prod/2101/2100255_550.jpg"
    ],
    "title": "Распределенные данные",
    "price": "10 970 ₸",
    "oldPrice": "14 627 ₸",
    "description": "мягкая обложка, 2022Питер, Бестселлеры O`Reilly",
    "rating": "",
    "reviewsCount": "",
    "tags": [],
    "subsection": 3
  },
  {
    "id": 2270613,
    "imgUrls": [
      "//s.f.kz/prod/2271/2270613_550.jpg"
    ],
    "title": "Svelte и Sapper в действии",
    "price": "16 854 ₸",
    "oldPrice": "22 472 ₸",
    "description": "мягкая обложка, 2022Прогресс книга, Питер, Для профессионалов",
    "rating": "",
    "reviewsCount": "",
    "tags": [],
    "subsection": 3
  },
  {
    "id": 2417279,
    "imgUrls": [
      "//s.f.kz/prod/2418/2417279_550.jpg"
    ],
    "title": "SQL. Быстрое погружение",
    "price": "5 117 ₸",
    "oldPrice": "6 823 ₸",
    "description": "мягкая обложка, 2022Питер, Библиотека программиста",
    "rating": "",
    "reviewsCount": "",
    "tags": [],
    "subsection": 3
  },
  {
    "id": 2759346,
    "imgUrls": [
      "//s.f.kz/prod/2760/2759346_550.jpg"
    ],
    "title": "SQL Server. Наладка и оптимизация",
    "price": "14 258 ₸",
    "oldPrice": "19 011 ₸",
    "description": "мягкая обложка, 2023Питер, Прогресс книга, Библиотека программиста",
    "rating": "",
    "reviewsCount": "",
    "tags": [],
    "subsection": 3
  },
  {
    "id": 3352349,
    "imgUrls": [
      "//s.f.kz/prod/3353/3352349_550.jpg",
      "//s.f.kz/prod/photo/5388/5387395_550.jpg",
      "//s.f.kz/prod/photo/5388/5387396_550.jpg",
      "//s.f.kz/prod/photo/5388/5387397_550.jpg"
    ],
    "title": "Антипаттерны SQL. Как избежать ловушек",
    "price": "11 349 ₸",
    "oldPrice": "15 132 ₸",
    "description": "мягкая обложка, 2024Питер, Библиотека программиста",
    "rating": "",
    "reviewsCount": "",
    "tags": [],
    "subsection": 3
  },
  {
    "id": 3467997,
    "imgUrls": [
      "//s.f.kz/prod/3468/3467997_550.jpg",
      "//s.f.kz/prod/photo/5792/5791400_550.jpg",
      "//s.f.kz/prod/photo/5792/5791401_550.jpg",
      "//s.f.kz/prod/photo/5792/5791402_550.jpg"
    ],
    "title": "PostgreSQL. SQL + PL/pgSQL для тех, кто хочет стать профессионалом",
    "price": "7 758 ₸",
    "oldPrice": "",
    "description": "мягкая обложка, 2024Наука и Техника",
    "rating": "",
    "reviewsCount": "",
    "tags": [],
    "subsection": 3
  },
  {
    "id": 2398022,
    "imgUrls": [
      "//s.f.kz/prod/2399/2398022_550.jpg"
    ],
    "title": "Data Science. Наука о данных с нуля",
    "price": "6 249 ₸",
    "oldPrice": "",
    "description": "мягкая обложка, 2021BHV",
    "rating": "",
    "reviewsCount": "",
    "tags": [],
    "subsection": 3
  },
  {
    "id": 101839,
    "imgUrls": [
      "//s.f.kz/prod/102/101839_550.jpg"
    ],
    "title": "Интеллектуальные робототехнические системы",
    "price": "1 898 ₸",
    "oldPrice": "",
    "description": "твердый переплет, 2017Интернет-университет информационных технологий, Интуит, Основы информационных технологий",
    "rating": "",
    "reviewsCount": "",
    "tags": [],
    "subsection": 3
  },
  {
    "id": 1631629,
    "imgUrls": [
      "//s.f.kz/prod/1632/1631629_550.jpg"
    ],
    "title": "Наука о данных. Учебный курс",
    "price": "15 918 ₸",
    "oldPrice": "",
    "description": "мягкая обложка, 2020Диалектика",
    "rating": "",
    "reviewsCount": "",
    "tags": [],
    "subsection": 3
  },
  {
    "id": 1775126,
    "imgUrls": [
      "//s.f.kz/prod/1776/1775126_550.jpg"
    ],
    "title": "Работа с базами данных Microsoft SQL Server",
    "price": "4 356 ₸",
    "oldPrice": "",
    "description": "твердый переплет, 2020ДиректМедиа",
    "rating": "",
    "reviewsCount": "",
    "tags": [],
    "subsection": 3
  },
  {
    "id": 2398705,
    "imgUrls": [
      "//s.f.kz/prod/2399/2398705_550.jpg"
    ],
    "title": "Практическая статистика для специалистов Data Science",
    "price": "6 068 ₸",
    "oldPrice": "",
    "description": "мягкая обложка, 2022BHV",
    "rating": "",
    "reviewsCount": "",
    "tags": [],
    "subsection": 3
  },
  {
    "id": 2550696,
    "imgUrls": [
      "//s.f.kz/prod/2551/2550696_550.jpg"
    ],
    "title": "Kubernetes на практике",
    "price": "8 831 ₸",
    "oldPrice": "",
    "description": "мягкая обложка, 2022BHV",
    "rating": "",
    "reviewsCount": "",
    "tags": [],
    "subsection": 3
  },
  {
    "id": 2565854,
    "imgUrls": [
      "//s.f.kz/prod/2566/2565854_550.jpg"
    ],
    "title": "Хакинг на Linux",
    "price": "3 813 ₸",
    "oldPrice": "",
    "description": "мягкая обложка, 2022Наука и Техника",
    "rating": "",
    "reviewsCount": "",
    "tags": [],
    "subsection": 3
  },
  {
    "id": 2598641,
    "imgUrls": [
      "//s.f.kz/prod/2599/2598641_550.jpg"
    ],
    "title": "Данные: хранение и обработка",
    "price": "6 455 ₸",
    "oldPrice": "",
    "description": "твердый переплет, 2021ИНФРА-М",
    "rating": "",
    "reviewsCount": "",
    "tags": [],
    "subsection": 3
  },
  {
    "id": 2718893,
    "imgUrls": [
      "//s.f.kz/prod/2719/2718893_550.jpg"
    ],
    "title": "Базы данных на примерах",
    "price": "3 900 ₸",
    "oldPrice": "",
    "description": "мягкая обложка, 2023Наука и Техника",
    "rating": "",
    "reviewsCount": "",
    "tags": [],
    "subsection": 3
  },
  {
    "id": 2743941,
    "imgUrls": [
      "//s.f.kz/prod/2744/2743941_550.jpg"
    ],
    "title": "Алгоритмы и структуры данных",
    "price": "12 393 ₸",
    "oldPrice": "",
    "description": "твердый переплет, 2023КноРус, Бакалавриат",
    "rating": "",
    "reviewsCount": "",
    "tags": [],
    "subsection": 3
  },
  {
    "id": 2762840,
    "imgUrls": [
      "//s.f.kz/prod/2763/2762840_550.jpg"
    ],
    "title": "Глубокое обучение и анализ данных",
    "price": "5 511 ₸",
    "oldPrice": "",
    "description": "мягкая обложка, 2023BHV",
    "rating": "",
    "reviewsCount": "",
    "tags": [],
    "subsection": 3
  },
  {
    "id": 2853805,
    "imgUrls": [
      "//s.f.kz/prod/2854/2853805_550.jpg"
    ],
    "title": "Настройка производительности MySQL",
    "price": "6 978 ₸",
    "oldPrice": "",
    "description": "мягкая обложка, 2023BHV, O'REILLY",
    "rating": "",
    "reviewsCount": "",
    "tags": [],
    "subsection": 3
  },
  {
    "id": 2862880,
    "imgUrls": [
      "//s.f.kz/prod/2863/2862880_550.jpg"
    ],
    "title": "Кроссплатформенный информационный обмен",
    "price": "3 561 ₸",
    "oldPrice": "",
    "description": "мягкая обложка, 2023КнигИздат",
    "rating": "",
    "reviewsCount": "",
    "tags": [],
    "subsection": 3
  },
  {
    "id": 2914334,
    "imgUrls": [
      "//s.f.kz/prod/2915/2914334_550.jpg"
    ],
    "title": "Изучаем MySQL",
    "price": "10 308 ₸",
    "oldPrice": "",
    "description": "мягкая обложка, 2023BHV, O'REILLY",
    "rating": "",
    "reviewsCount": "",
    "tags": [],
    "subsection": 3
  },
  {
    "id": 3147051,
    "imgUrls": [
      "//s.f.kz/prod/3148/3147051_550.jpg"
    ],
    "title": "SQL для анализа данных",
    "price": "6 843 ₸",
    "oldPrice": "",
    "description": "мягкая обложка, 2023BHV",
    "rating": "",
    "reviewsCount": "",
    "tags": [],
    "subsection": 3
  },
  {
    "id": 3147058,
    "imgUrls": [
      "//s.f.kz/prod/3148/3147058_550.jpg"
    ],
    "title": "Microsoft SQL Server 2022",
    "price": "6 593 ₸",
    "oldPrice": "",
    "description": "мягкая обложка, 2023BHV",
    "rating": "",
    "reviewsCount": "",
    "tags": [],
    "subsection": 3
  },
  {
    "id": 3175243,
    "imgUrls": [
      "//s.f.kz/prod/3176/3175243_550.jpg",
      "//s.f.kz/prod/photo/4730/4729036_550.jpg",
      "//s.f.kz/prod/photo/4730/4729037_550.jpg",
      "//s.f.kz/prod/photo/4730/4729038_550.jpg"
    ],
    "title": "Книга Kaggle. Машинное обучение и анализ данных",
    "price": "6 860 ₸",
    "oldPrice": "",
    "description": "мягкая обложка, 2023BHV",
    "rating": "",
    "reviewsCount": "",
    "tags": [],
    "subsection": 3
  },
  {
    "id": 3175450,
    "imgUrls": [
      "//s.f.kz/prod/3176/3175450_550.jpg",
      "//s.f.kz/prod/photo/4730/4729502_550.jpg"
    ],
    "title": "MySQL. Практические рецепты",
    "price": "9 938 ₸",
    "oldPrice": "",
    "description": "мягкая обложка, 2023BHV",
    "rating": "",
    "reviewsCount": "",
    "tags": [],
    "subsection": 3
  },
  {
    "id": 3277367,
    "imgUrls": [
      "//s.f.kz/prod/3278/3277367_550.jpg"
    ],
    "title": "Методы восстановления непараметрической регрессии",
    "price": "8 499 ₸",
    "oldPrice": "",
    "description": "твердый переплет, 2024Инфра-Инженерия",
    "rating": "",
    "reviewsCount": "",
    "tags": [],
    "subsection": 3
  },
  {
    "id": 3484117,
    "imgUrls": [
      "//s.f.kz/prod/3485/3484117_550.jpg"
    ],
    "title": "R. К вершинам мастерства",
    "price": "15 281 ₸",
    "oldPrice": "19 101 ₸",
    "description": "твердый переплет, 2024ДМК Пресс",
    "rating": "",
    "reviewsCount": "",
    "tags": [],
    "subsection": 3
  },
  {
    "id": 3484047,
    "imgUrls": [
      "//s.f.kz/prod/3485/3484047_550.jpg"
    ],
    "title": "Мониторинг PostgreSQL",
    "price": "11 394 ₸",
    "oldPrice": "14 243 ₸",
    "description": "мягкая обложка, 2024ДМК Пресс, Справочное пособие",
    "rating": "",
    "reviewsCount": "",
    "tags": [],
    "subsection": 3
  },
  {
    "id": 3484859,
    "imgUrls": [
      "//s.f.kz/prod/3485/3484859_550.jpg"
    ],
    "title": "Streamlit для Data Science",
    "price": "9 370 ₸",
    "oldPrice": "11 712 ₸",
    "description": "твердый переплет, 2024ДМК Пресс",
    "rating": "",
    "reviewsCount": "",
    "tags": [],
    "subsection": 3
  },
  {
    "id": 3484942,
    "imgUrls": [
      "//s.f.kz/prod/3485/3484942_550.jpg"
    ],
    "title": "Путеводитель по базам данных",
    "price": "8 124 ₸",
    "oldPrice": "10 155 ₸",
    "description": "твердый переплет, 2024ДМК Пресс",
    "rating": "",
    "reviewsCount": "",
    "tags": [],
    "subsection": 3
  },
  {
    "id": 2457397,
    "imgUrls": [
      "//s.f.kz/prod/2458/2457397_550.jpg"
    ],
    "title": "Введение в программирование и структуры данных",
    "price": "8 818 ₸",
    "oldPrice": "11 022 ₸",
    "description": "твердый переплет, 2022ДМК Пресс",
    "rating": "",
    "reviewsCount": "",
    "tags": [],
    "subsection": 3
  },
  {
    "id": 565805,
    "imgUrls": [
      "//s.f.kz/prod/566/565805_550.jpg"
    ],
    "title": "Ядро Oracle",
    "price": "5 564 ₸",
    "oldPrice": "6 955 ₸",
    "description": "мягкая обложка, 2015ДМК Пресс",
    "rating": "",
    "reviewsCount": "",
    "tags": [],
    "subsection": 3
  },
  {
    "id": 864044,
    "imgUrls": [
      "//s.f.kz/prod/865/864044_550.jpg"
    ],
    "title": "Cassandra. Полное руководство",
    "price": "5 560 ₸",
    "oldPrice": "6 950 ₸",
    "description": "мягкая обложка, 2017ДМК Пресс",
    "rating": "",
    "reviewsCount": "",
    "tags": [],
    "subsection": 3
  },
  {
    "id": 1176622,
    "imgUrls": [
      "//s.f.kz/prod/1177/1176622_550.jpg"
    ],
    "title": "Эффективное проектирование приложений",
    "price": "9 386 ₸",
    "oldPrice": "11 732 ₸",
    "description": "мягкая обложка, 2017ДМК Пресс, ORACLE",
    "rating": "",
    "reviewsCount": "",
    "tags": [],
    "subsection": 3
  },
  {
    "id": 1324049,
    "imgUrls": [
      "//s.f.kz/prod/1325/1324049_550.jpg"
    ],
    "title": "Изучаем PostgreSQL10",
    "price": "7 341 ₸",
    "oldPrice": "9 176 ₸",
    "description": "мягкая обложка, 2018ДМК Пресс",
    "rating": "",
    "reviewsCount": "",
    "tags": [],
    "subsection": 3
  },
  {
    "id": 1324255,
    "imgUrls": [
      "//s.f.kz/prod/1325/1324255_550.jpg"
    ],
    "title": "MySQL 8 для больших данных",
    "price": "5 840 ₸",
    "oldPrice": "7 300 ₸",
    "description": "мягкая обложка, 2018ДМК Пресс",
    "rating": "",
    "reviewsCount": "",
    "tags": [],
    "subsection": 3
  },
  {
    "id": 1325070,
    "imgUrls": [
      "//s.f.kz/prod/1326/1325070_550.jpg"
    ],
    "title": "Руководство по диагностике и устранению проблем в Oracle",
    "price": "5 613 ₸",
    "oldPrice": "7 016 ₸",
    "description": "твердый переплет, 2017ДМК Пресс",
    "rating": "",
    "reviewsCount": "",
    "tags": [],
    "subsection": 3
  },
  {
    "id": 1337787,
    "imgUrls": [
      "//s.f.kz/prod/1338/1337787_550.jpg"
    ],
    "title": "PostgreSQL 11",
    "price": "7 920 ₸",
    "oldPrice": "9 900 ₸",
    "description": "мягкая обложка, 2019ДМК Пресс",
    "rating": "",
    "reviewsCount": "",
    "tags": [],
    "subsection": 3
  },
  {
    "id": 1463935,
    "imgUrls": [
      "//s.f.kz/prod/1464/1463935_550.jpg"
    ],
    "title": "Технологии проектирования баз данных",
    "price": "7 674 ₸",
    "oldPrice": "9 592 ₸",
    "description": "мягкая обложка, 2019ДМК Пресс",
    "rating": "",
    "reviewsCount": "",
    "tags": [],
    "subsection": 3
  },
  {
    "id": 1632830,
    "imgUrls": [
      "//s.f.kz/prod/1633/1632830_550.jpg"
    ],
    "title": "Основы технологий баз данных",
    "price": "7 659 ₸",
    "oldPrice": "9 574 ₸",
    "description": "твердый переплет, 2020ДМК Пресс",
    "rating": "",
    "reviewsCount": "",
    "tags": [],
    "subsection": 3
  },
  {
    "id": 1659123,
    "imgUrls": [
      "//s.f.kz/prod/1660/1659123_550.jpg"
    ],
    "title": "Mongo DB. Полное руководство",
    "price": "10 267 ₸",
    "oldPrice": "12 834 ₸",
    "description": "твердый переплет, 2020ДМК Пресс",
    "rating": "",
    "reviewsCount": "",
    "tags": [],
    "subsection": 3
  },
  {
    "id": 1811412,
    "imgUrls": [
      "//s.f.kz/prod/1812/1811412_550.jpg"
    ],
    "title": "Проектирование и реализация систем управления базами данных",
    "price": "8 833 ₸",
    "oldPrice": "11 041 ₸",
    "description": "твердый переплет, 2020ДМК Пресс",
    "rating": "",
    "reviewsCount": "",
    "tags": [],
    "subsection": 3
  },
  {
    "id": 1811636,
    "imgUrls": [
      "//s.f.kz/prod/1812/1811636_550.jpg"
    ],
    "title": "Инновации SQL Server 2019",
    "price": "7 645 ₸",
    "oldPrice": "9 556 ₸",
    "description": "твердый переплет, 2020ДМК Пресс",
    "rating": "",
    "reviewsCount": "",
    "tags": [],
    "subsection": 3
  },
  {
    "id": 2339700,
    "imgUrls": [
      "//s.f.kz/prod/2340/2339700_550.jpg"
    ],
    "title": "SQL для простых смертных",
    "price": "6 182 ₸",
    "oldPrice": "7 727 ₸",
    "description": "мягкая обложка, 2012ДМК Пресс",
    "rating": "",
    "reviewsCount": "",
    "tags": [],
    "subsection": 3
  },
  {
    "id": 2464188,
    "imgUrls": [
      "//s.f.kz/prod/2465/2464188_550.jpg"
    ],
    "title": "Криптографические основы блокчейн-технологий",
    "price": "5 877 ₸",
    "oldPrice": "7 346 ₸",
    "description": "твердый переплет, 2022ДМК Пресс",
    "rating": "",
    "reviewsCount": "",
    "tags": [],
    "subsection": 3
  },
  {
    "id": 2736256,
    "imgUrls": [
      "//s.f.kz/prod/2737/2736256_550.jpg"
    ],
    "title": "Усовершенствованные структуры данных",
    "price": "11 717 ₸",
    "oldPrice": "14 646 ₸",
    "description": "твердый переплет, 2023ДМК Пресс",
    "rating": "",
    "reviewsCount": "",
    "tags": [],
    "subsection": 3
  },
  {
    "id": 3126661,
    "imgUrls": [
      "//s.f.kz/prod/3127/3126661_550.jpg",
      "//s.f.kz/prod/photo/4604/4603662_550.jpg"
    ],
    "title": "Запускаем Prometheus",
    "price": "10 533 ₸",
    "oldPrice": "13 166 ₸",
    "description": "твердый переплет, 2023ДМК Пресс",
    "rating": "",
    "reviewsCount": "",
    "tags": [],
    "subsection": 3
  },
  {
    "id": 3264936,
    "imgUrls": [
      "//s.f.kz/prod/3265/3264936_550.jpg"
    ],
    "title": "Алгоритмы и структуры для массивных наборов данных",
    "price": "9 362 ₸",
    "oldPrice": "11 702 ₸",
    "description": "твердый переплет, 2024ДМК Пресс",
    "rating": "",
    "reviewsCount": "",
    "tags": [],
    "subsection": 3
  },
  {
    "id": 3264998,
    "imgUrls": [
      "//s.f.kz/prod/3265/3264998_550.jpg"
    ],
    "title": "Цифровые манипуляции с лицами и их обнаружение",
    "price": "14 623 ₸",
    "oldPrice": "18 279 ₸",
    "description": "твердый переплет, 2023ДМК Пресс",
    "rating": "",
    "reviewsCount": "",
    "tags": [],
    "subsection": 3
  },
  {
    "id": 2164490,
    "imgUrls": [
      "//s.f.kz/prod/2165/2164490_550.jpg"
    ],
    "title": "Алгоритмы. Теория и практическое применение",
    "price": "7 205 ₸",
    "oldPrice": "",
    "description": "твердый переплет, 2021Бомбора, Мировой компьютерный бестселлер",
    "rating": "",
    "reviewsCount": "",
    "tags": [],
    "subsection": 3
  },
  {
    "id": 533068,
    "imgUrls": [
      "//s.f.kz/prod/534/533068_550.jpg"
    ],
    "title": "Машинное обучение",
    "price": "",
    "oldPrice": "",
    "description": "твердый переплет, 2015ДМК Пресс",
    "rating": "5.0",
    "reviewsCount": "1 отзыв",
    "tags": [],
    "subsection": 3
  },
  {
    "id": 3490233,
    "imgUrls": [
      "//s.f.kz/prod/3491/3490233_550.jpg",
      "//s.f.kz/prod/photo/5871/5870969_550.jpg",
      "//s.f.kz/prod/photo/5871/5870970_550.jpg",
      "//s.f.kz/prod/photo/5871/5870971_550.jpg"
    ],
    "title": "Data Mesh. Новая парадигма работы с данными",
    "price": "",
    "oldPrice": "",
    "description": "мягкая обложка, 2023Фолиант",
    "rating": "",
    "reviewsCount": "",
    "tags": [],
    "subsection": 3
  },
  {
    "id": 139310,
    "imgUrls": [
      "//s.f.kz/prod/140/139310_550.jpg"
    ],
    "title": "Безопасность Oracle глазами аудитора",
    "price": "",
    "oldPrice": "",
    "description": "мягкая обложка, 2013ДМК Пресс",
    "rating": "",
    "reviewsCount": "",
    "tags": [],
    "subsection": 3
  },
  {
    "id": 321418,
    "imgUrls": [
      "//s.f.kz/prod/322/321418_550.jpg"
    ],
    "title": "Семь баз данных за семь недель",
    "price": "",
    "oldPrice": "",
    "description": "мягкая обложка, 2013ДМК Пресс",
    "rating": "",
    "reviewsCount": "",
    "tags": [],
    "subsection": 3
  },
  {
    "id": 1323958,
    "imgUrls": [
      "//s.f.kz/prod/1324/1323958_550.jpg"
    ],
    "title": "Oracle Database 11g. Том 1",
    "price": "",
    "oldPrice": "",
    "description": "мягкая обложка, 2017ДМК Пресс, ORACLE",
    "rating": "",
    "reviewsCount": "",
    "tags": [],
    "subsection": 3
  },
  {
    "id": 1323963,
    "imgUrls": [
      "//s.f.kz/prod/1324/1323963_550.jpg"
    ],
    "title": "Oracle Database 11g. Том 2",
    "price": "",
    "oldPrice": "",
    "description": "мягкая обложка, 2017ДМК Пресс, ORACLE",
    "rating": "",
    "reviewsCount": "",
    "tags": [],
    "subsection": 3
  },
  {
    "id": 1502885,
    "imgUrls": [
      "//s.f.kz/prod/1503/1502885_550.jpg"
    ],
    "title": "Глубокое обучение в биологии и медицине",
    "price": "",
    "oldPrice": "",
    "description": "мягкая обложка, 2019ДМК Пресс",
    "rating": "",
    "reviewsCount": "",
    "tags": [],
    "subsection": 3
  },
  {
    "id": 1838912,
    "imgUrls": [
      "//s.f.kz/prod/1839/1838912_550.jpg"
    ],
    "title": "Принципы организации баз данных",
    "price": "",
    "oldPrice": "",
    "description": "твердый переплет, 2020ДМК Пресс",
    "rating": "",
    "reviewsCount": "",
    "tags": [],
    "subsection": 3
  },
  {
    "id": 2735896,
    "imgUrls": [
      "//s.f.kz/prod/2736/2735896_550.jpg"
    ],
    "title": "PostgreSQL 15 изнутри",
    "price": "",
    "oldPrice": "",
    "description": "твердый переплет, 2023ДМК Пресс",
    "rating": "",
    "reviewsCount": "",
    "tags": [],
    "subsection": 3
  },
  {
    "id": 2736113,
    "imgUrls": [
      "//s.f.kz/prod/2737/2736113_550.jpg"
    ],
    "title": "R в действии",
    "price": "",
    "oldPrice": "",
    "description": "твердый переплет, 2023ДМК Пресс",
    "rating": "",
    "reviewsCount": "",
    "tags": [],
    "subsection": 3
  },
  {
    "id": 3485157,
    "imgUrls": [
      "//s.f.kz/prod/3486/3485157_550.jpg"
    ],
    "title": "PostgreSQL 16 изнутри",
    "price": "",
    "oldPrice": "",
    "description": "твердый переплет, 2024ДМК Пресс",
    "rating": "",
    "reviewsCount": "",
    "tags": [],
    "subsection": 3
  },
  {
    "id": 2507635,
    "imgUrls": [
      "//s.f.kz/prod/2508/2507635_550.jpg"
    ],
    "title": "Масштабируемые данные",
    "price": "",
    "oldPrice": "",
    "description": "мягкая обложка, 2022Питер, Бестселлеры O'Reilly",
    "rating": "",
    "reviewsCount": "",
    "tags": [],
    "subsection": 3
  },
  {
    "id": 47,
    "imgUrls": [
      "//s.f.kz/prod/1/47_550.jpg"
    ],
    "title": "Изучаем SQL",
    "price": "",
    "oldPrice": "",
    "description": "мягкая обложка, Символ-Плюс",
    "rating": "",
    "reviewsCount": "",
    "tags": [],
    "subsection": 3
  },
  {
    "id": 741344,
    "imgUrls": [
      "//s.f.kz/prod/742/741344_550.jpg"
    ],
    "title": "Введение в системы баз данных",
    "price": "",
    "oldPrice": "",
    "description": "твердый переплет, 2019Вильямс, Диалектика / Вильямс",
    "rating": "",
    "reviewsCount": "",
    "tags": [],
    "subsection": 3
  },
  {
    "id": 2327229,
    "imgUrls": [
      "//s.f.kz/prod/2328/2327229_550.jpg"
    ],
    "title": "Создание событийно-управляемых микросервисов",
    "price": "",
    "oldPrice": "",
    "description": "мягкая обложка, 2022BHV, БХВ-Петербург, O'REILLY",
    "rating": "",
    "reviewsCount": "",
    "tags": [],
    "subsection": 3
  },
  {
    "id": 2398713,
    "imgUrls": [
      "//s.f.kz/prod/2399/2398713_550.jpg"
    ],
    "title": "Разработка веб-приложений на WordPress",
    "price": "",
    "oldPrice": "",
    "description": "мягкая обложка, 2021BHV",
    "rating": "",
    "reviewsCount": "",
    "tags": [],
    "subsection": 3
  },
  {
    "id": 2398819,
    "imgUrls": [
      "//s.f.kz/prod/2399/2398819_550.jpg"
    ],
    "title": "PHP и MySQL. 25 уроков для начинающих",
    "price": "",
    "oldPrice": "",
    "description": "мягкая обложка, 2021BHV, Для начинающих",
    "rating": "",
    "reviewsCount": "",
    "tags": [],
    "subsection": 3
  },
  {
    "id": 2582118,
    "imgUrls": [
      "//s.f.kz/prod/2583/2582118_550.jpg"
    ],
    "title": "Разработка и защита баз данных",
    "price": "",
    "oldPrice": "",
    "description": "твердый переплет, 2021Academia, Академия, Профессиональное образование",
    "rating": "",
    "reviewsCount": "",
    "tags": [],
    "subsection": 3
  },
  {
    "id": 2582226,
    "imgUrls": [
      "//s.f.kz/prod/2583/2582226_550.jpg"
    ],
    "title": "Основы проектирования баз данных",
    "price": "",
    "oldPrice": "",
    "description": "твердый переплет, 2021Academia, Академия, Профессиональное образование",
    "rating": "",
    "reviewsCount": "",
    "tags": [],
    "subsection": 3
  },
  {
    "id": 2767821,
    "imgUrls": [
      "//s.f.kz/prod/2768/2767821_550.jpg"
    ],
    "title": "Математические и программные методы построения моделей глубокого обучения",
    "price": "",
    "oldPrice": "",
    "description": "твердый переплет, 2023Инфра-Инженерия",
    "rating": "",
    "reviewsCount": "",
    "tags": [],
    "subsection": 3
  },
  {
    "id": 1345736,
    "imgUrls": [
      "//s.f.kz/prod/1346/1345736_550.jpg"
    ],
    "title": "Big Data простым языком",
    "price": "",
    "oldPrice": "",
    "description": "твердый переплет, 2019АСТ, Бизнес-бук",
    "rating": "",
    "reviewsCount": "",
    "tags": [],
    "subsection": 3
  }
]