[
  {
    "id": 3205767,
    "imgUrls": [
      "//s.f.kz/prod/3206/3205767_550.jpg",
      "//s.f.kz/prod/photo/4830/4829597_550.jpg"
    ],
    "title": "Валентин. Комплект",
    "price": "2 607 ₸",
    "oldPrice": "3 725 ₸",
    "description": "твердый переплет, 2023Clever, #trendbooks",
    "rating": "5.0",
    "reviewsCount": "4 отзыва",
    "tags": [],
    "subsection": 1
  },
  {
    "id": 2822241,
    "imgUrls": [
      "//s.f.kz/prod/2823/2822241_550.jpg",
      "//s.f.kz/prod/photo/3608/3607046_550.jpg"
    ],
    "title": "Будь моим",
    "price": "1 963 ₸",
    "oldPrice": "2 804 ₸",
    "description": "твердый переплет, 2023Clever, #trendbooks",
    "rating": "",
    "reviewsCount": "",
    "tags": [],
    "subsection": 1
  },
  {
    "id": 2934636,
    "imgUrls": [
      "//s.f.kz/prod/2935/2934636_550.jpg",
      "//s.f.kz/prod/photo/3975/3974915_550.jpg"
    ],
    "title": "Держись от него подальше",
    "price": "2 178 ₸",
    "oldPrice": "3 112 ₸",
    "description": "твердый переплет, 2023Clever, #trendbooks",
    "rating": "5.0",
    "reviewsCount": "2 отзыва",
    "tags": [],
    "subsection": 1
  },
  {
    "id": 2244242,
    "imgUrls": [
      "//s.f.kz/prod/2245/2244242_550.jpg"
    ],
    "title": "Последняя башня",
    "price": "2 316 ₸",
    "oldPrice": "3 309 ₸",
    "description": "твердый переплет, 2022Clever, #trendbooks thriller",
    "rating": "",
    "reviewsCount": "",
    "tags": [],
    "subsection": 1
  },
  {
    "id": 1864832,
    "imgUrls": [
      "//s.f.kz/prod/1865/1864832_550.jpg"
    ],
    "title": "#НенавистьЛюбовь",
    "price": "2 150 ₸",
    "oldPrice": "3 072 ₸",
    "description": "твердый переплет, 2020Clever, #trendbooks",
    "rating": "5.0",
    "reviewsCount": "21 отзыв",
    "tags": [],
    "subsection": 1
  },
  {
    "id": 1767439,
    "imgUrls": [
      "//s.f.kz/prod/1768/1767439_550.jpg"
    ],
    "title": "#ЛюбовьНенависть",
    "price": "2 144 ₸",
    "oldPrice": "3 063 ₸",
    "description": "твердый переплет, 2020Clever, #trendbooks",
    "rating": "4.9",
    "reviewsCount": "23 отзыва",
    "tags": [],
    "subsection": 1
  },
  {
    "id": 3194390,
    "imgUrls": [
      "//s.f.kz/prod/3195/3194390_550.jpg",
      "//s.f.kz/prod/photo/4792/4791665_550.jpg"
    ],
    "title": "Стратегии успеха для высокоэффективных людей",
    "price": "3 223 ₸",
    "oldPrice": "",
    "description": "твердый переплет, 2024АСТ, Умный бизнес",
    "rating": "5.0",
    "reviewsCount": "1 отзыв",
    "tags": [],
    "subsection": 1
  },
  {
    "id": 2232557,
    "imgUrls": [
      "//s.f.kz/prod/2233/2232557_550.jpg",
      "//s.f.kz/prod/photo/4456/4455986_550.jpg",
      "//s.f.kz/prod/photo/4456/4455987_550.jpg",
      "//s.f.kz/prod/photo/4456/4455988_550.jpg"
    ],
    "title": "Цель-2. Дело не в везении",
    "price": "3 875 ₸",
    "oldPrice": "4 844 ₸",
    "description": "твердый переплет, 2022Интеллектуальная Литература",
    "rating": "4.9",
    "reviewsCount": "7 отзывов",
    "tags": [],
    "subsection": 1
  },
  {
    "id": 2232580,
    "imgUrls": [
      "//s.f.kz/prod/2233/2232580_550.jpg"
    ],
    "title": "7 навыков высокоэффективных профессионалов сетевого маркетинга",
    "price": "3 127 ₸",
    "oldPrice": "3 909 ₸",
    "description": "твердый переплет, 2022Альпина Паблишер, Маркетинг, реклама, PR",
    "rating": "5.0",
    "reviewsCount": "1 отзыв",
    "tags": [],
    "subsection": 1
  },
  {
    "id": 648833,
    "imgUrls": [
      "//s.f.kz/prod/649/648833_550.jpg"
    ],
    "title": "Год с Питером Друкером",
    "price": "8 112 ₸",
    "oldPrice": "",
    "description": "мягкая обложка, 2016Эксмо, Top Business Awards",
    "rating": "5.0",
    "reviewsCount": "1 отзыв",
    "tags": [],
    "subsection": 1
  },
  {
    "id": 546282,
    "imgUrls": [
      "//s.f.kz/prod/547/546282_550.jpg"
    ],
    "title": "Десять смертных грехов маркетинга",
    "price": "2 886 ₸",
    "oldPrice": "3 607 ₸",
    "description": "твердый переплет, 2023Альпина Паблишер, Маркетинг по Котлеру",
    "rating": "5.0",
    "reviewsCount": "2 отзыва",
    "tags": [],
    "subsection": 1
  },
  {
    "id": 3465346,
    "imgUrls": [
      "//s.f.kz/prod/3466/3465346_550.jpg"
    ],
    "title": "Маркетинг менеджмент",
    "price": "13 835 ₸",
    "oldPrice": "18 447 ₸",
    "description": "твердый переплет, 2024Прогресс книга, Классический зарубежный учебник",
    "rating": "",
    "reviewsCount": "",
    "tags": [],
    "subsection": 1
  },
  {
    "id": 442732,
    "imgUrls": [
      "//s.f.kz/prod/443/442732_550.jpg"
    ],
    "title": "Занимаемся на каникулах",
    "price": "1 404 ₸",
    "oldPrice": "2 340 ₸",
    "description": "мягкая обложка, 2014Стрекоза, Занимаемся на каникулах",
    "rating": "5.0",
    "reviewsCount": "6 отзывов",
    "tags": [],
    "subsection": 1
  },
  {
    "id": 827010,
    "imgUrls": [
      "//s.f.kz/prod/828/827010_550.jpg"
    ],
    "title": "Наклейки-кружочки. Выпуск 1",
    "price": "460 ₸",
    "oldPrice": "766 ₸",
    "description": "мягкая обложка, 2018Стрекоза, Наклейки-кружочки",
    "rating": "4.7",
    "reviewsCount": "20 отзывов",
    "tags": [],
    "subsection": 1
  },
  {
    "id": 203696,
    "imgUrls": [
      "//s.f.kz/prod/204/203696_550.jpg"
    ],
    "title": "Правила по английскому языку",
    "price": "604 ₸",
    "oldPrice": "1 007 ₸",
    "description": "мягкая обложка, 2011Стрекоза, Дружок",
    "rating": "4.8",
    "reviewsCount": "10 отзывов",
    "tags": [],
    "subsection": 1
  },
  {
    "id": 532271,
    "imgUrls": [
      "//s.f.kz/prod/533/532271_550.jpg"
    ],
    "title": "Наклейки для малышей. Грибочек Выпуск 1",
    "price": "1 140 ₸",
    "oldPrice": "1 900 ₸",
    "description": "мягкая обложка, 2015Стрекоза, Наклейки для малышей 1+ (грибочек)",
    "rating": "4.7",
    "reviewsCount": "13 отзывов",
    "tags": [],
    "subsection": 1
  },
  {
    "id": 1422316,
    "imgUrls": [
      "//s.f.kz/prod/1423/1422316_550.jpg"
    ],
    "title": "Летние задания по математике. 4 класс",
    "price": "624 ₸",
    "oldPrice": "1 040 ₸",
    "description": "мягкая обложка, 2019Стрекоза, Летние задания",
    "rating": "5.0",
    "reviewsCount": "1 отзыв",
    "tags": [],
    "subsection": 1
  },
  {
    "id": 546817,
    "imgUrls": [
      "//s.f.kz/prod/547/546817_550.jpg"
    ],
    "title": "Мои первые аппликации",
    "price": "547 ₸",
    "oldPrice": "911 ₸",
    "description": "мягкая обложка, 2018Стрекоза, Мои первые аппликации",
    "rating": "4.8",
    "reviewsCount": "5 отзывов",
    "tags": [],
    "subsection": 1
  },
  {
    "id": 2927538,
    "imgUrls": [
      "//s.f.kz/prod/2928/2927538_550.jpg"
    ],
    "title": "Лучшее время жизни. Том 1",
    "price": "3 265 ₸",
    "oldPrice": "4 665 ₸",
    "description": "суперобложка, 2020Фабрика комиксов",
    "rating": "",
    "reviewsCount": "",
    "tags": [],
    "subsection": 1
  },
  {
    "id": 3386945,
    "imgUrls": [
      "//s.f.kz/prod/3387/3386945_550.jpg"
    ],
    "title": "Судзуки просто хочет жить спокойно. Том 1",
    "price": "3 758 ₸",
    "oldPrice": "",
    "description": "мягкая обложка, суперобложка, 2024Фабрика комиксов",
    "rating": "",
    "reviewsCount": "",
    "tags": [],
    "subsection": 1
  },
  {
    "id": 3189076,
    "imgUrls": [
      "//s.f.kz/prod/3190/3189076_550.jpg"
    ],
    "title": "Ясновидящая Мако",
    "price": "6 834 ₸",
    "oldPrice": "",
    "description": "твердый переплет, 2023Фабрика комиксов",
    "rating": "",
    "reviewsCount": "",
    "tags": [],
    "subsection": 1
  },
  {
    "id": 3459185,
    "imgUrls": [
      "//s.f.kz/prod/3460/3459185_550.jpg"
    ],
    "title": "Ужасная Макико",
    "price": "7 310 ₸",
    "oldPrice": "",
    "description": "твердый переплет, 2023Фабрика комиксов",
    "rating": "",
    "reviewsCount": "",
    "tags": [],
    "subsection": 1
  },
  {
    "id": 2896955,
    "imgUrls": [
      "//s.f.kz/prod/2897/2896955_550.jpg",
      "//s.f.kz/prod/photo/3862/3861522_550.jpg",
      "//s.f.kz/prod/photo/3862/3861523_550.jpg"
    ],
    "title": "Утренняя выпечка для Момо-тян. Том 2",
    "price": "3 528 ₸",
    "oldPrice": "",
    "description": "мягкая обложка, 2023Фабрика комиксов",
    "rating": "",
    "reviewsCount": "",
    "tags": [],
    "subsection": 1
  },
  {
    "id": 3386986,
    "imgUrls": [
      "//s.f.kz/prod/3387/3386986_550.jpg"
    ],
    "title": "Гяру не могут быть добры к отаку. Том 1",
    "price": "3 527 ₸",
    "oldPrice": "",
    "description": "мягкая обложка, суперобложка, 2024Фабрика комиксов",
    "rating": "",
    "reviewsCount": "",
    "tags": [],
    "subsection": 1
  },
  {
    "id": 2448567,
    "imgUrls": [
      "//s.f.kz/prod/2449/2448567_550.jpg",
      "//s.f.kz/prod/photo/2673/2672727_550.jpg"
    ],
    "title": "Набор тетрадей «Подготовка к школет»",
    "price": "7 794 ₸",
    "oldPrice": "",
    "description": "2022Банда Умников, Реши-пиши",
    "rating": "",
    "reviewsCount": "",
    "tags": [],
    "subsection": 1
  },
  {
    "id": 2448571,
    "imgUrls": [
      "//s.f.kz/prod/2449/2448571_550.jpg",
      "//s.f.kz/prod/photo/2673/2672732_550.jpg"
    ],
    "title": "Набор тетрадей «Подготовка к школе»",
    "price": "7 794 ₸",
    "oldPrice": "",
    "description": "2021Банда Умников, Реши-пиши",
    "rating": "",
    "reviewsCount": "",
    "tags": [],
    "subsection": 1
  },
  {
    "id": 2448554,
    "imgUrls": [
      "//s.f.kz/prod/2449/2448554_550.jpg",
      "//s.f.kz/prod/photo/2673/2672713_550.jpg"
    ],
    "title": "Набор тетрадей «Пространственные головоломки",
    "price": "9 743 ₸",
    "oldPrice": "",
    "description": "2021Банда Умников, Реши-пиши",
    "rating": "",
    "reviewsCount": "",
    "tags": [],
    "subsection": 1
  },
  {
    "id": 2245869,
    "imgUrls": [
      "//s.f.kz/prod/2246/2245869_550.jpg",
      "//s.f.kz/prod/photo/2266/2265426_550.jpg",
      "//s.f.kz/prod/photo/2266/2265427_550.jpg"
    ],
    "title": "Набор тетрадей «Весёлый счёт»",
    "price": "4 730 ₸",
    "oldPrice": "",
    "description": "мягкая обложка, 2021Банда Умников, Реши-пиши",
    "rating": "",
    "reviewsCount": "",
    "tags": [],
    "subsection": 1
  },
  {
    "id": 2457331,
    "imgUrls": [
      "//s.f.kz/prod/2458/2457331_550.jpg",
      "//s.f.kz/prod/photo/2692/2691475_550.jpg",
      "//s.f.kz/prod/photo/2692/2691476_550.jpg",
      "//s.f.kz/prod/photo/2692/2691477_550.jpg"
    ],
    "title": "Набор тетрадей «Легкое умножение»",
    "price": "6 234 ₸",
    "oldPrice": "",
    "description": "2022Банда Умников, Реши-пиши",
    "rating": "",
    "reviewsCount": "",
    "tags": [],
    "subsection": 1
  },
  {
    "id": 2448578,
    "imgUrls": [
      "//s.f.kz/prod/2449/2448578_550.jpg",
      "//s.f.kz/prod/photo/2673/2672742_550.jpg"
    ],
    "title": "Набор тетрадей «Шахматы и логика»",
    "price": "4 730 ₸",
    "oldPrice": "",
    "description": "мягкая обложка, 2022Банда Умников, Реши-пиши",
    "rating": "",
    "reviewsCount": "",
    "tags": [],
    "subsection": 1
  },
  {
    "id": 3481820,
    "imgUrls": [
      "//s.f.kz/prod/3482/3481820_550.jpg",
      "//s.f.kz/prod/photo/5845/5844952_550.jpg"
    ],
    "title": "Человек, вернувшийся издалека",
    "price": "1 105 ₸",
    "oldPrice": "",
    "description": "мягкая обложка, 2024АСТ, Эксклюзивная классика",
    "rating": "",
    "reviewsCount": "",
    "tags": [],
    "subsection": 1
  },
  {
    "id": 3469478,
    "imgUrls": [
      "//s.f.kz/prod/3470/3469478_550.jpg",
      "//s.f.kz/prod/photo/5798/5797733_550.jpg"
    ],
    "title": "Самое грандиозное шоу на Земле",
    "price": "3 302 ₸",
    "oldPrice": "",
    "description": "мягкая обложка, 2024АСТ, Эксклюзивная классика",
    "rating": "",
    "reviewsCount": "",
    "tags": [],
    "subsection": 1
  },
  {
    "id": 3467479,
    "imgUrls": [
      "//s.f.kz/prod/3468/3467479_550.jpg",
      "//s.f.kz/prod/photo/5790/5789504_550.jpg"
    ],
    "title": "Каллокаин",
    "price": "1 025 ₸",
    "oldPrice": "",
    "description": "мягкая обложка, 2024АСТ, Эксклюзивная классика",
    "rating": "",
    "reviewsCount": "",
    "tags": [],
    "subsection": 1
  },
  {
    "id": 3495991,
    "imgUrls": [
      "//s.f.kz/prod/3496/3495991_550.jpg",
      "//s.f.kz/prod/photo/5887/5886134_550.jpg"
    ],
    "title": "Сыновья",
    "price": "1 473 ₸",
    "oldPrice": "",
    "description": "мягкая обложка, 2024АСТ, Эксклюзивная классика",
    "rating": "",
    "reviewsCount": "",
    "tags": [],
    "subsection": 1
  },
  {
    "id": 3469353,
    "imgUrls": [
      "//s.f.kz/prod/3470/3469353_550.jpg",
      "//s.f.kz/prod/photo/5798/5797250_550.jpg"
    ],
    "title": "Луна над горой",
    "price": "1 056 ₸",
    "oldPrice": "",
    "description": "мягкая обложка, 2024АСТ, Эксклюзивная классика",
    "rating": "",
    "reviewsCount": "",
    "tags": [],
    "subsection": 1
  },
  {
    "id": 3496054,
    "imgUrls": [
      "//s.f.kz/prod/3497/3496054_550.jpg",
      "//s.f.kz/prod/photo/5887/5886268_550.jpg"
    ],
    "title": "Снежная страна",
    "price": "1 250 ₸",
    "oldPrice": "",
    "description": "мягкая обложка, 2024АСТ, Эксклюзивная классика",
    "rating": "",
    "reviewsCount": "",
    "tags": [],
    "subsection": 1
  },
  {
    "id": 3004827,
    "imgUrls": [
      "//s.f.kz/prod/3005/3004827_550.jpg",
      "//s.f.kz/prod/photo/4176/4175759_550.jpg"
    ],
    "title": "Великий Гэтсби",
    "price": "2 224 ₸",
    "oldPrice": "2 780 ₸",
    "description": "твердый переплет, 2023Манн, Иванов и Фербер, Вечные истории. Young Adult",
    "rating": "5.0",
    "reviewsCount": "1 отзыв",
    "tags": [],
    "subsection": 1
  },
  {
    "id": 3165109,
    "imgUrls": [
      "//s.f.kz/prod/3166/3165109_550.jpg",
      "//s.f.kz/prod/photo/4702/4701416_550.jpg"
    ],
    "title": "Война и мир. Том 3-4",
    "price": "3 263 ₸",
    "oldPrice": "4 079 ₸",
    "description": "твердый переплет, 2023Манн, Иванов и Фербер, Вечные истории. Young Adult",
    "rating": "",
    "reviewsCount": "",
    "tags": [],
    "subsection": 1
  },
  {
    "id": 3431530,
    "imgUrls": [
      "//s.f.kz/prod/3432/3431530_550.jpg",
      "//s.f.kz/prod/photo/5652/5651975_550.jpg"
    ],
    "title": "Идиот",
    "price": "3 153 ₸",
    "oldPrice": "3 941 ₸",
    "description": "твердый переплет, 2024Манн, Иванов и Фербер, Вечные истории. Young Adult",
    "rating": "",
    "reviewsCount": "",
    "tags": [],
    "subsection": 1
  },
  {
    "id": 3352009,
    "imgUrls": [
      "//s.f.kz/prod/3353/3352009_550.jpg",
      "//s.f.kz/prod/photo/5387/5386043_550.jpg"
    ],
    "title": "Гордость и предубеждение",
    "price": "2 644 ₸",
    "oldPrice": "3 305 ₸",
    "description": "твердый переплет, 2024Манн, Иванов и Фербер, Вечные истории. Young Adult",
    "rating": "5.0",
    "reviewsCount": "8 отзывов",
    "tags": [],
    "subsection": 1
  },
  {
    "id": 3306245,
    "imgUrls": [
      "//s.f.kz/prod/3307/3306245_550.jpg",
      "//s.f.kz/prod/photo/5232/5231154_550.jpg"
    ],
    "title": "Горе от ума",
    "price": "2 287 ₸",
    "oldPrice": "2 859 ₸",
    "description": "твердый переплет, 2024Манн, Иванов и Фербер, Вечные истории. Young Adult",
    "rating": "",
    "reviewsCount": "",
    "tags": [],
    "subsection": 1
  },
  {
    "id": 2938841,
    "imgUrls": [
      "//s.f.kz/prod/2939/2938841_550.jpg",
      "//s.f.kz/prod/photo/3989/3988663_550.jpg"
    ],
    "title": "Анна Каренина",
    "price": "3 330 ₸",
    "oldPrice": "4 163 ₸",
    "description": "твердый переплет, 2023Манн, Иванов и Фербер, Вечные истории. Young Adult",
    "rating": "5.0",
    "reviewsCount": "4 отзыва",
    "tags": [],
    "subsection": 1
  },
  {
    "id": 2516989,
    "imgUrls": [
      "//s.f.kz/prod/2517/2516989_550.jpg",
      "//s.f.kz/prod/photo/2839/2838494_550.jpg",
      "//s.f.kz/prod/photo/2839/2838495_550.jpg",
      "//s.f.kz/prod/photo/2839/2838496_550.jpg"
    ],
    "title": "Қыз Жібек жыры",
    "price": "3 082 ₸",
    "oldPrice": "",
    "description": "твердый переплет, 2022Общественный фонд «Мазмұндама»",
    "rating": "",
    "reviewsCount": "",
    "tags": [],
    "subsection": 1
  },
  {
    "id": 2414499,
    "imgUrls": [
      "//s.f.kz/prod/2415/2414499_550.jpg"
    ],
    "title": "Құпия бақ",
    "price": "4 762 ₸",
    "oldPrice": "",
    "description": "твердый переплет, 2021Общественный фонд «Мазмұндама», БЖК",
    "rating": "5.0",
    "reviewsCount": "1 отзыв",
    "tags": [],
    "subsection": 1
  },
  {
    "id": 2587861,
    "imgUrls": [
      "//s.f.kz/prod/2588/2587861_550.jpg"
    ],
    "title": "Ұлы Гэтсби",
    "price": "1 266 ₸",
    "oldPrice": "1 583 ₸",
    "description": "мягкая обложка, 2022Фолиант, Әлемдік классика",
    "rating": "5.0",
    "reviewsCount": "4 отзыва",
    "tags": [],
    "subsection": 1
  },
  {
    "id": 2516559,
    "imgUrls": [
      "//s.f.kz/prod/2517/2516559_550.jpg",
      "//s.f.kz/prod/photo/2839/2838008_550.jpg",
      "//s.f.kz/prod/photo/2839/2838009_550.jpg",
      "//s.f.kz/prod/photo/2839/2838010_550.jpg"
    ],
    "title": "Қызыл сырнай",
    "price": "3 922 ₸",
    "oldPrice": "",
    "description": "твердый переплет, 2022Общественный фонд «Мазмұндама»",
    "rating": "5.0",
    "reviewsCount": "1 отзыв",
    "tags": [],
    "subsection": 1
  },
  {
    "id": 2517567,
    "imgUrls": [
      "//s.f.kz/prod/2518/2517567_550.jpg",
      "//s.f.kz/prod/photo/2840/2839266_550.jpg",
      "//s.f.kz/prod/photo/2840/2839267_550.jpg",
      "//s.f.kz/prod/photo/2840/2839268_550.jpg"
    ],
    "title": "Мен жастарға сенемін. Өлеңдер жинағы",
    "price": "2 800 ₸",
    "oldPrice": "",
    "description": "твердый переплет, 2022Общественный фонд «Мазмұндама»",
    "rating": "4.5",
    "reviewsCount": "4 отзыва",
    "tags": [],
    "subsection": 1
  },
  {
    "id": 2516941,
    "imgUrls": [
      "//s.f.kz/prod/2517/2516941_550.jpg",
      "//s.f.kz/prod/photo/2839/2838434_550.jpg",
      "//s.f.kz/prod/photo/2839/2838435_550.jpg",
      "//s.f.kz/prod/photo/2839/2838436_550.jpg"
    ],
    "title": "Абайдың қара сөздері",
    "price": "30 843 ₸",
    "oldPrice": "",
    "description": "твердый переплет, 2022Общественный фонд «Мазмұндама»",
    "rating": "5.0",
    "reviewsCount": "1 отзыв",
    "tags": [],
    "subsection": 1
  },
  {
    "id": 2006111,
    "imgUrls": [
      "//s.f.kz/prod/2007/2006111_550.jpg"
    ],
    "title": "Ночь без конца",
    "price": "1 472 ₸",
    "oldPrice": "",
    "description": "мягкая обложка, 2021Эксмо, Агата Кристи. Любимая коллекция",
    "rating": "5.0",
    "reviewsCount": "16 отзывов",
    "tags": [],
    "subsection": 1
  },
  {
    "id": 1412769,
    "imgUrls": [
      "//s.f.kz/prod/1413/1412769_550.jpg"
    ],
    "title": "Свидание со смертью",
    "price": "1 472 ₸",
    "oldPrice": "",
    "description": "мягкая обложка, 2019Эксмо, Агата Кристи. Любимая коллекция",
    "rating": "4.9",
    "reviewsCount": "31 отзыв",
    "tags": [],
    "subsection": 1
  },
  {
    "id": 1476997,
    "imgUrls": [
      "//s.f.kz/prod/1477/1476997_550.jpg"
    ],
    "title": "Кошка среди голубей",
    "price": "1 472 ₸",
    "oldPrice": "",
    "description": "мягкая обложка, 2022Эксмо, Агата Кристи. Любимая коллекция",
    "rating": "4.7",
    "reviewsCount": "23 отзыва",
    "tags": [],
    "subsection": 1
  },
  {
    "id": 1187865,
    "imgUrls": [
      "//s.f.kz/prod/1188/1187865_550.jpg"
    ],
    "title": "Спящий убийца",
    "price": "1 472 ₸",
    "oldPrice": "",
    "description": "мягкая обложка, 2022Эксмо, Агата Кристи. Любимая коллекция",
    "rating": "4.9",
    "reviewsCount": "11 отзывов",
    "tags": [],
    "subsection": 1
  },
  {
    "id": 1480780,
    "imgUrls": [
      "//s.f.kz/prod/1481/1480780_550.jpg"
    ],
    "title": "Часы",
    "price": "1 472 ₸",
    "oldPrice": "",
    "description": "мягкая обложка, 2019Эксмо, Агата Кристи. Любимая коллекция",
    "rating": "4.6",
    "reviewsCount": "7 отзывов",
    "tags": [],
    "subsection": 1
  },
  {
    "id": 1212339,
    "imgUrls": [
      "//s.f.kz/prod/1213/1212339_550.jpg"
    ],
    "title": "Таинственный мистер Кин",
    "price": "1 472 ₸",
    "oldPrice": "",
    "description": "мягкая обложка, 2023Эксмо, Агата Кристи. Любимая коллекция",
    "rating": "5.0",
    "reviewsCount": "5 отзывов",
    "tags": [],
    "subsection": 1
  },
  {
    "id": 1919744,
    "imgUrls": [
      "//s.f.kz/prod/1920/1919744_550.jpg"
    ],
    "title": "Десять негритят",
    "price": "1 512 ₸",
    "oldPrice": "",
    "description": "твердый переплет, 2021Эксмо, Всемирная литература (новое оформление)",
    "rating": "4.8",
    "reviewsCount": "20 отзывов",
    "tags": [],
    "subsection": 1
  },
  {
    "id": 1968008,
    "imgUrls": [
      "//s.f.kz/prod/1969/1968008_550.jpg"
    ],
    "title": "Охота на Джека-потрошителя",
    "price": "5 281 ₸",
    "oldPrice": "",
    "description": "твердый переплет, 2021АСТ, #YoungDetective",
    "rating": "4.7",
    "reviewsCount": "7 отзывов",
    "tags": [],
    "subsection": 1
  },
  {
    "id": 1735027,
    "imgUrls": [
      "//s.f.kz/prod/1736/1735027_550.jpg"
    ],
    "title": "11/22/63",
    "price": "2 109 ₸",
    "oldPrice": "",
    "description": "мягкая обложка, 2020АСТ, Эксклюзивная классика",
    "rating": "4.7",
    "reviewsCount": "23 отзыва",
    "tags": [],
    "subsection": 1
  },
  {
    "id": 1665469,
    "imgUrls": [
      "//s.f.kz/prod/1666/1665469_550.jpg"
    ],
    "title": "Алая река",
    "price": "471 ₸",
    "oldPrice": "",
    "description": "твердый переплет, 2020Эксмо, Главный триллер года",
    "rating": "4.5",
    "reviewsCount": "2 отзыва",
    "tags": [],
    "subsection": 1
  },
  {
    "id": 491211,
    "imgUrls": [
      "//s.f.kz/prod/492/491211_550.jpg"
    ],
    "title": "Тайная история",
    "price": "5 125 ₸",
    "oldPrice": "",
    "description": "твердый переплет, 2014Corpus",
    "rating": "4.8",
    "reviewsCount": "34 отзыва",
    "tags": [],
    "subsection": 1
  },
  {
    "id": 2524287,
    "imgUrls": [
      "//s.f.kz/prod/2525/2524287_550.jpg"
    ],
    "title": "Лисьи броды",
    "price": "5 940 ₸",
    "oldPrice": "",
    "description": "твердый переплет, 2022РИПОЛ классик",
    "rating": "5.0",
    "reviewsCount": "9 отзывов",
    "tags": [],
    "subsection": 1
  },
  {
    "id": 2866376,
    "imgUrls": [
      "//s.f.kz/prod/2867/2866376_550.jpg"
    ],
    "title": "Grandmaster of Demonic Cultivation. Vol. 3",
    "price": "13 954 ₸",
    "oldPrice": "",
    "description": "мягкая обложка, 2022Random House USA",
    "rating": "",
    "reviewsCount": "",
    "tags": [],
    "subsection": 1
  },
  {
    "id": 3122465,
    "imgUrls": [
      "//s.f.kz/prod/3123/3122465_550.jpg",
      "//s.f.kz/prod/photo/4589/4588173_550.jpg"
    ],
    "title": "Основатель Тёмного Пути. Том 7",
    "price": "6 243 ₸",
    "oldPrice": "",
    "description": "твердый переплет, 2023Комильфо, Комильфо. Китайские романы и маньхуа",
    "rating": "",
    "reviewsCount": "",
    "tags": [],
    "subsection": 1
  },
  {
    "id": 2918363,
    "imgUrls": [
      "//s.f.kz/prod/2919/2918363_550.jpg"
    ],
    "title": "Grandmaster of Demonic Cultivation. Vol. 5",
    "price": "17 437 ₸",
    "oldPrice": "",
    "description": "мягкая обложка, 2023Random House USA",
    "rating": "5.0",
    "reviewsCount": "1 отзыв",
    "tags": [],
    "subsection": 1
  },
  {
    "id": 2865778,
    "imgUrls": [
      "//s.f.kz/prod/2866/2865778_550.jpg"
    ],
    "title": "Heaven Official`s Blessing: Tian Guan Ci Fu",
    "price": "13 928 ₸",
    "oldPrice": "",
    "description": "мягкая обложка, 2023Random House USA",
    "rating": "",
    "reviewsCount": "",
    "tags": [],
    "subsection": 1
  },
  {
    "id": 3122539,
    "imgUrls": [
      "//s.f.kz/prod/3123/3122539_550.jpg",
      "//s.f.kz/prod/photo/4589/4588477_550.jpg",
      "//s.f.kz/prod/photo/4589/4588486_550.jpg",
      "//s.f.kz/prod/photo/4589/4588487_550.jpg"
    ],
    "title": "Система «Спаси-Себя-Сам» для Главного Злодея. Том 1",
    "price": "5 550 ₸",
    "oldPrice": "",
    "description": "твердый переплет, 2023Эксмо, Хиты китайского фэнтези",
    "rating": "5.0",
    "reviewsCount": "50 отзывов",
    "tags": [],
    "subsection": 1
  },
  {
    "id": 2757808,
    "imgUrls": [
      "//s.f.kz/prod/2758/2757808_550.jpg"
    ],
    "title": "Grandmaster of Demonic Cultivation. Vol. 4",
    "price": "13 954 ₸",
    "oldPrice": "",
    "description": "мягкая обложка, 2022Random House USA",
    "rating": "",
    "reviewsCount": "",
    "tags": [],
    "subsection": 1
  },
  {
    "id": 1397797,
    "imgUrls": [
      "//s.f.kz/prod/1398/1397797_550.jpg"
    ],
    "title": "Почему мне страшно?",
    "price": "941 ₸",
    "oldPrice": "1 344 ₸",
    "description": "твердый переплет, 2019Clever, Сказки про эмоции",
    "rating": "4.4",
    "reviewsCount": "10 отзывов",
    "tags": [],
    "subsection": 1
  },
  {
    "id": 1364558,
    "imgUrls": [
      "//s.f.kz/prod/1365/1364558_550.jpg"
    ],
    "title": "Почему мне грустно?",
    "price": "939 ₸",
    "oldPrice": "1 341 ₸",
    "description": "твердый переплет, 2019Clever, Сказки про эмоции",
    "rating": "5.0",
    "reviewsCount": "8 отзывов",
    "tags": [],
    "subsection": 1
  },
  {
    "id": 33493,
    "imgUrls": [
      "//s.f.kz/prod/34/33493_550.jpg",
      "//s.f.kz/prod/photo/30/29943_550.jpg",
      "//s.f.kz/prod/photo/30/29944_550.jpg",
      "//s.f.kz/prod/photo/30/29945_550.jpg"
    ],
    "title": "7 навыков высокоэффективных тинейджеров",
    "price": "6 128 ₸",
    "oldPrice": "",
    "description": "мягкая обложка, 2014Добрая книга",
    "rating": "5.0",
    "reviewsCount": "7 отзывов",
    "tags": [],
    "subsection": 1
  },
  {
    "id": 2121646,
    "imgUrls": [
      "//s.f.kz/prod/2122/2121646_550.jpg",
      "//s.f.kz/prod/photo/4456/4455848_550.jpg",
      "//s.f.kz/prod/photo/4456/4455849_550.jpg",
      "//s.f.kz/prod/photo/4456/4455850_550.jpg"
    ],
    "title": "6 минут для детей",
    "price": "3 859 ₸",
    "oldPrice": "4 824 ₸",
    "description": "суперобложка, 2022Альпина Дети, Ежедневники «6 минут»",
    "rating": "5.0",
    "reviewsCount": "2 отзыва",
    "tags": [],
    "subsection": 1
  },
  {
    "id": 927003,
    "imgUrls": [
      "//s.f.kz/prod/928/927003_550.jpg"
    ],
    "title": "Учим волшебные слова",
    "price": "630 ₸",
    "oldPrice": "",
    "description": "мягкая обложка, 2017Проф-Пресс, Веселые уроки",
    "rating": "",
    "reviewsCount": "",
    "tags": [],
    "subsection": 1
  },
  {
    "id": 1768255,
    "imgUrls": [
      "//s.f.kz/prod/1769/1768255_550.jpg"
    ],
    "title": "Азбука чувств и эмоций",
    "price": "3 251 ₸",
    "oldPrice": "4 064 ₸",
    "description": "твердый переплет, 2023Феникс-Премьер, Моя Первая Книжка",
    "rating": "5.0",
    "reviewsCount": "5 отзывов",
    "tags": [],
    "subsection": 1
  },
  {
    "id": 344867,
    "imgUrls": [
      "//s.f.kz/prod/345/344867_550.jpg"
    ],
    "title": "Девушка, которую ты покинул",
    "price": "3 287 ₸",
    "oldPrice": "",
    "description": "твердый переплет, 2020Иностранка, Мойес Джоджо",
    "rating": "5.0",
    "reviewsCount": "44 отзыва",
    "tags": [],
    "subsection": 1
  },
  {
    "id": 1485844,
    "imgUrls": [
      "//s.f.kz/prod/1486/1485844_550.jpg"
    ],
    "title": "Все цветы Парижа",
    "price": "2 390 ₸",
    "oldPrice": "",
    "description": "твердый переплет, 2019Эксмо, Зарубежный романтический бестселлер. Романы Сары Джио и Карен Уайт",
    "rating": "4.9",
    "reviewsCount": "49 отзывов",
    "tags": [],
    "subsection": 1
  },
  {
    "id": 1061833,
    "imgUrls": [
      "//s.f.kz/prod/1062/1061833_550.jpg"
    ],
    "title": "Стигмалион",
    "price": "2 390 ₸",
    "oldPrice": "",
    "description": "твердый переплет, 2018АСТ, Кристина Старк. Молодежные бестселлеры",
    "rating": "4.7",
    "reviewsCount": "133 отзыва",
    "tags": [],
    "subsection": 1
  },
  {
    "id": 753621,
    "imgUrls": [
      "//s.f.kz/prod/754/753621_550.jpg"
    ],
    "title": "Чувство и чувствительность",
    "price": "1 025 ₸",
    "oldPrice": "",
    "description": "мягкая обложка, 2016АСТ, Эксклюзивная классика",
    "rating": "4.8",
    "reviewsCount": "30 отзывов",
    "tags": [],
    "subsection": 1
  },
  {
    "id": 321651,
    "imgUrls": [
      "//s.f.kz/prod/322/321651_550.jpg"
    ],
    "title": "До встречи с тобой",
    "price": "3 281 ₸",
    "oldPrice": "",
    "description": "твердый переплет, 2021Иностранка, Мойес Джоджо",
    "rating": "4.9",
    "reviewsCount": "234 отзыва",
    "tags": [],
    "subsection": 1
  },
  {
    "id": 1603507,
    "imgUrls": [
      "//s.f.kz/prod/1604/1603507_550.jpg"
    ],
    "title": "Артур, Луи и Адель",
    "price": "1 855 ₸",
    "oldPrice": "2 650 ₸",
    "description": "твердый переплет, 2020Clever, #trendbooks",
    "rating": "4.9",
    "reviewsCount": "53 отзыва",
    "tags": [],
    "subsection": 1
  },
  {
    "id": 2431644,
    "imgUrls": [
      "//s.f.kz/prod/2432/2431644_550.jpg",
      "//s.f.kz/prod/photo/2639/2638975_550.jpg"
    ],
    "title": "Золушка",
    "price": "3 749 ₸",
    "oldPrice": "",
    "description": "твердый переплет, 2022Эксмодетство, Disney. Детские графические романы",
    "rating": "5.0",
    "reviewsCount": "1 отзыв",
    "tags": [],
    "subsection": 1
  },
  {
    "id": 46685,
    "imgUrls": [
      "//s.f.kz/prod/47/46685_550.jpg"
    ],
    "title": "Волшебник Изумрудного города",
    "price": "4 248 ₸",
    "oldPrice": "",
    "description": "твердый переплет, 2011Эксмо, Волшебник Изумрудного города",
    "rating": "4.9",
    "reviewsCount": "54 отзыва",
    "tags": [],
    "subsection": 1
  },
  {
    "id": 251584,
    "imgUrls": [
      "//s.f.kz/prod/252/251584_550.jpg"
    ],
    "title": "Королевство кривых зеркал",
    "price": "1 271 ₸",
    "oldPrice": "",
    "description": "твердый переплет, 2015Самовар, Школьная библиотека",
    "rating": "5.0",
    "reviewsCount": "29 отзывов",
    "tags": [],
    "subsection": 1
  },
  {
    "id": 1852377,
    "imgUrls": [
      "//s.f.kz/prod/1853/1852377_550.jpg"
    ],
    "title": "Сказки Зеленой долины. Передвижная ярмарка",
    "price": "1 640 ₸",
    "oldPrice": "2 733 ₸",
    "description": "твердый переплет, 2020Стрекоза, Детская художественная литература",
    "rating": "4.7",
    "reviewsCount": "3 отзыва",
    "tags": [],
    "subsection": 1
  },
  {
    "id": 554099,
    "imgUrls": [
      "//s.f.kz/prod/555/554099_550.jpg"
    ],
    "title": "Крольчонок Люси, или Волшебная встреча",
    "price": "1 776 ₸",
    "oldPrice": "",
    "description": "твердый переплет, 2015Эксмо, Лес Дружбы. Волшебные истории о зверятах",
    "rating": "4.8",
    "reviewsCount": "82 отзыва",
    "tags": [],
    "subsection": 1
  },
  {
    "id": 94130,
    "imgUrls": [
      "//s.f.kz/prod/95/94130_550.jpg"
    ],
    "title": "Снежная Королева",
    "price": "1 314 ₸",
    "oldPrice": "",
    "description": "твердый переплет, 2016Фламинго, Пять сказок",
    "rating": "5.0",
    "reviewsCount": "5 отзывов",
    "tags": [],
    "subsection": 1
  },
  {
    "id": 2414807,
    "imgUrls": [
      "//s.f.kz/prod/2415/2414807_550.jpg"
    ],
    "title": "Ертегілер жинағы",
    "price": "2 157 ₸",
    "oldPrice": "",
    "description": "твердый переплет, 2021Общественный фонд «Мазмұндама», БЖК",
    "rating": "5.0",
    "reviewsCount": "2 отзыва",
    "tags": [],
    "subsection": 1
  },
  {
    "id": 2729149,
    "imgUrls": [
      "//s.f.kz/prod/2730/2729149_550.jpg",
      "//s.f.kz/prod/photo/3412/3411581_550.jpg",
      "//s.f.kz/prod/photo/3412/3411582_550.jpg",
      "//s.f.kz/prod/photo/3412/3411580_550.jpg"
    ],
    "title": "Дарынды бала әлемі. Сказки народов мира",
    "price": "4 069 ₸",
    "oldPrice": "",
    "description": "твердый переплет, 2022Детский центр развития лидерства «Дарынды бала»",
    "rating": "5.0",
    "reviewsCount": "2 отзыва",
    "tags": [],
    "subsection": 1
  },
  {
    "id": 1091470,
    "imgUrls": [
      "//s.f.kz/prod/1092/1091470_550.jpg"
    ],
    "title": "Түстер. Цвета. Colours",
    "price": "238 ₸",
    "oldPrice": "",
    "description": "мягкая обложка, 2018Аруна, Тематические книжки",
    "rating": "4.7",
    "reviewsCount": "6 отзывов",
    "tags": [],
    "subsection": 1
  },
  {
    "id": 2729143,
    "imgUrls": [
      "//s.f.kz/prod/2730/2729143_550.jpg",
      "//s.f.kz/prod/photo/3412/3411570_550.jpg",
      "//s.f.kz/prod/photo/3412/3411571_550.jpg",
      "//s.f.kz/prod/photo/3412/3411569_550.jpg"
    ],
    "title": "Дарынды бала әлемі. Сказки народов мира",
    "price": "4 069 ₸",
    "oldPrice": "",
    "description": "твердый переплет, 2022Детский центр развития лидерства «Дарынды бала»",
    "rating": "4.8",
    "reviewsCount": "4 отзыва",
    "tags": [],
    "subsection": 1
  },
  {
    "id": 3271752,
    "imgUrls": [
      "//s.f.kz/prod/3272/3271752_550.jpg",
      "//s.f.kz/prod/photo/5106/5105138_550.jpg"
    ],
    "title": "Робинзон Крузо",
    "price": "1 542 ₸",
    "oldPrice": "",
    "description": "мягкая обложка, 2024Общественный фонд «Мазмұндама», Шытырман ертегілер",
    "rating": "",
    "reviewsCount": "",
    "tags": [],
    "subsection": 1
  },
  {
    "id": 359219,
    "imgUrls": [
      "//s.f.kz/prod/360/359219_550.jpg",
      "//s.f.kz/prod/photo/2405/2404249_550.jpg"
    ],
    "title": "Түймеқыз",
    "price": "960 ₸",
    "oldPrice": "",
    "description": "мягкая обложка, 2013Аруна, Буынға бөліп оқимын. Читаем сказки по слогам",
    "rating": "5.0",
    "reviewsCount": "4 отзыва",
    "tags": [],
    "subsection": 1
  },
  {
    "id": 2337792,
    "imgUrls": [
      "//s.f.kz/prod/2338/2337792_550.jpg"
    ],
    "title": "Что такое деньги. Детская энциклопедия",
    "price": "4 234 ₸",
    "oldPrice": "5 292 ₸",
    "description": "твердый переплет, 2022Манн, Иванов и Фербер, Детские энциклопедии с Чевостиком",
    "rating": "",
    "reviewsCount": "",
    "tags": [],
    "subsection": 1
  },
  {
    "id": 2399371,
    "imgUrls": [
      "//s.f.kz/prod/2400/2399371_550.jpg"
    ],
    "title": "Правила безопасности",
    "price": "4 230 ₸",
    "oldPrice": "5 288 ₸",
    "description": "твердый переплет, 2022Манн, Иванов и Фербер, Детские энциклопедии с Чевостиком",
    "rating": "",
    "reviewsCount": "",
    "tags": [],
    "subsection": 1
  },
  {
    "id": 542561,
    "imgUrls": [
      "//s.f.kz/prod/543/542561_550.jpg",
      "//s.f.kz/prod/photo/171/170160_550.jpg",
      "//s.f.kz/prod/photo/171/170161_550.jpg",
      "//s.f.kz/prod/photo/171/170162_550.jpg"
    ],
    "title": "Увлекательная астрономия",
    "price": "4 249 ₸",
    "oldPrice": "5 311 ₸",
    "description": "твердый переплет, 2016Манн, Иванов и Фербер, Детские энциклопедии с Чевостиком",
    "rating": "5.0",
    "reviewsCount": "17 отзывов",
    "tags": [],
    "subsection": 1
  },
  {
    "id": 1051363,
    "imgUrls": [
      "//s.f.kz/prod/1052/1051363_550.jpg"
    ],
    "title": "Пластилиновая лаборатория Чевостика",
    "price": "3 082 ₸",
    "oldPrice": "3 852 ₸",
    "description": "твердый переплет, 2018Манн, Иванов и Фербер, Детские энциклопедии с Чевостиком",
    "rating": "5.0",
    "reviewsCount": "9 отзывов",
    "tags": [],
    "subsection": 1
  },
  {
    "id": 452063,
    "imgUrls": [
      "//s.f.kz/prod/453/452063_550.jpg",
      "//s.f.kz/prod/photo/338/337511_550.jpg",
      "//s.f.kz/prod/photo/338/337510_550.jpg",
      "//s.f.kz/prod/photo/338/337509_550.jpg"
    ],
    "title": "Увлекательная химия",
    "price": "3 715 ₸",
    "oldPrice": "4 644 ₸",
    "description": "твердый переплет, 2017Манн, Иванов и Фербер, Детские энциклопедии с Чевостиком",
    "rating": "5.0",
    "reviewsCount": "30 отзывов",
    "tags": [],
    "subsection": 1
  },
  {
    "id": 2048933,
    "imgUrls": [
      "//s.f.kz/prod/2049/2048933_550.jpg"
    ],
    "title": "100 вопросов от Чевостика",
    "price": "4 241 ₸",
    "oldPrice": "5 301 ₸",
    "description": "твердый переплет, 2021Манн, Иванов и Фербер, Детские энциклопедии с Чевостиком",
    "rating": "",
    "reviewsCount": "",
    "tags": [],
    "subsection": 1
  },
  {
    "id": 78034,
    "imgUrls": [
      "//s.f.kz/prod/79/78034_550.jpg"
    ],
    "title": "Все времена английских глаголов",
    "price": "280 ₸",
    "oldPrice": "350 ₸",
    "description": "мягкая обложка, 2017Айрис-пресс, Английский - это просто",
    "rating": "4.9",
    "reviewsCount": "44 отзыва",
    "tags": [],
    "subsection": 1
  },
  {
    "id": 2302921,
    "imgUrls": [
      "//s.f.kz/prod/2303/2302921_550.jpg"
    ],
    "title": "3000 самых употребительных слов",
    "price": "370 ₸",
    "oldPrice": "",
    "description": "мягкая обложка, 2021АСТ, Английский просто",
    "rating": "4.8",
    "reviewsCount": "10 отзывов",
    "tags": [],
    "subsection": 1
  },
  {
    "id": 449566,
    "imgUrls": [
      "//s.f.kz/prod/450/449566_550.jpg"
    ],
    "title": "Самый лучший самоучитель английского языка",
    "price": "3 190 ₸",
    "oldPrice": "",
    "description": "твердый переплет, 2022АСТ, Школа английского языка Петровой",
    "rating": "4.9",
    "reviewsCount": "112 отзывов",
    "tags": [],
    "subsection": 1
  },
  {
    "id": 725691,
    "imgUrls": [
      "//s.f.kz/prod/726/725691_550.jpg"
    ],
    "title": "Англо-русский русско-английский словарь",
    "price": "1 390 ₸",
    "oldPrice": "",
    "description": "твердый переплет, 2016АСТ, Карманная библиотека словарей",
    "rating": "4.8",
    "reviewsCount": "35 отзывов",
    "tags": [],
    "subsection": 1
  },
  {
    "id": 2349459,
    "imgUrls": [
      "//s.f.kz/prod/2350/2349459_550.jpg",
      "//s.f.kz/prod/photo/2480/2479215_550.jpg"
    ],
    "title": "Английский язык. Артикли",
    "price": "164 ₸",
    "oldPrice": "",
    "description": "мягкая обложка, 2022АСТ, Английский просто",
    "rating": "4.8",
    "reviewsCount": "6 отзывов",
    "tags": [],
    "subsection": 1
  },
  {
    "id": 2752791,
    "imgUrls": [
      "//s.f.kz/prod/2753/2752791_550.jpg",
      "//s.f.kz/prod/photo/3409/3408745_550.jpg"
    ],
    "title": "Энн из Зеленых Крыш",
    "price": "898 ₸",
    "oldPrice": "",
    "description": "мягкая обложка, 2023АСТ, Легко читаем по-английски",
    "rating": "5.0",
    "reviewsCount": "5 отзывов",
    "tags": [],
    "subsection": 1
  },
  {
    "id": 868359,
    "imgUrls": [
      "//s.f.kz/prod/869/868359_550.jpg"
    ],
    "title": "Тонкое искусство пофигизма",
    "price": "2 494 ₸",
    "oldPrice": "3 117 ₸",
    "description": "мягкая обложка, 2022Альпина Паблишер, Психология",
    "rating": "4.4",
    "reviewsCount": "203 отзыва",
    "tags": [],
    "subsection": 1
  },
  {
    "id": 2213238,
    "imgUrls": [
      "//s.f.kz/prod/2214/2213238_550.jpg"
    ],
    "title": "Подсознание может всё!",
    "price": "2 775 ₸",
    "oldPrice": "3 469 ₸",
    "description": "мягкая обложка, 2022Попурри, Психология - Кехо",
    "rating": "4.9",
    "reviewsCount": "60 отзывов",
    "tags": [],
    "subsection": 1
  },
  {
    "id": 670861,
    "imgUrls": [
      "//s.f.kz/prod/671/670861_550.jpg"
    ],
    "title": "Тренируй свой мозг. Японская система",
    "price": "2 301 ₸",
    "oldPrice": "3 068 ₸",
    "description": "мягкая обложка, 2020Питер, Прогресс книга, Сам себе психолог",
    "rating": "4.7",
    "reviewsCount": "112 отзывов",
    "tags": [],
    "subsection": 1
  },
  {
    "id": 2988302,
    "imgUrls": [
      "//s.f.kz/prod/2989/2988302_550.jpg",
      "//s.f.kz/prod/photo/4135/4134468_550.jpg"
    ],
    "title": "Всё закончится, а ты нет",
    "price": "3 290 ₸",
    "oldPrice": "",
    "description": "твердый переплет, 2023Бомбора, Книги, которые обнимают. Авторская серия Ольги Примаченко",
    "rating": "4.9",
    "reviewsCount": "24 отзыва",
    "tags": [],
    "subsection": 1
  },
  {
    "id": 2609261,
    "imgUrls": [
      "//s.f.kz/prod/2610/2609261_550.jpg",
      "//s.f.kz/prod/photo/3074/3073828_550.jpg"
    ],
    "title": "Тело помнит все",
    "price": "2 250 ₸",
    "oldPrice": "",
    "description": "мягкая обложка, 2022Эксмо, Бомбора, Плюс один здоровый человек. Книги о медицине от ведущих экспертов",
    "rating": "4.8",
    "reviewsCount": "34 отзыва",
    "tags": [],
    "subsection": 1
  },
  {
    "id": 3198278,
    "imgUrls": [
      "//s.f.kz/prod/3199/3198278_550.jpg"
    ],
    "title": "Karmalogic и Karmacoach",
    "price": "22 631 ₸",
    "oldPrice": "",
    "description": "суперобложка, 2024РИПОЛ классик, Karmalogic",
    "rating": "5.0",
    "reviewsCount": "4 отзыва",
    "tags": [],
    "subsection": 1
  },
  {
    "id": 2731382,
    "imgUrls": [
      "//s.f.kz/prod/2732/2731382_550.jpg",
      "//s.f.kz/prod/photo/3353/3352685_550.jpg",
      "//s.f.kz/prod/photo/3353/3352686_550.jpg",
      "//s.f.kz/prod/photo/3353/3352687_550.jpg"
    ],
    "title": "Раскраска «Желания»",
    "price": "897 ₸",
    "oldPrice": "1 196 ₸",
    "description": "мягкая обложка, 2023Феникс +, Раскраски-мандалы",
    "rating": "4.9",
    "reviewsCount": "18 отзывов",
    "tags": [],
    "subsection": 1
  },
  {
    "id": 3022825,
    "imgUrls": [
      "//s.f.kz/prod/3023/3022825_550.jpg",
      "//s.f.kz/prod/photo/4233/4232802_550.jpg"
    ],
    "title": "Мандалы тайн Бытия",
    "price": "1 213 ₸",
    "oldPrice": "",
    "description": "мягкая обложка, 2023АСТ, Мандалы для релакса",
    "rating": "",
    "reviewsCount": "",
    "tags": [],
    "subsection": 1
  },
  {
    "id": 2731380,
    "imgUrls": [
      "//s.f.kz/prod/2732/2731380_550.jpg",
      "//s.f.kz/prod/photo/3353/3352678_550.jpg",
      "//s.f.kz/prod/photo/3353/3352679_550.jpg",
      "//s.f.kz/prod/photo/3353/3352680_550.jpg"
    ],
    "title": "Раскраска «Здоровье»",
    "price": "897 ₸",
    "oldPrice": "1 196 ₸",
    "description": "мягкая обложка, 2023Феникс +, Раскраски-мандалы",
    "rating": "4.8",
    "reviewsCount": "4 отзыва",
    "tags": [],
    "subsection": 1
  },
  {
    "id": 2731377,
    "imgUrls": [
      "//s.f.kz/prod/2732/2731377_550.jpg",
      "//s.f.kz/prod/photo/3353/3352652_550.jpg",
      "//s.f.kz/prod/photo/3353/3352653_550.jpg",
      "//s.f.kz/prod/photo/3353/3352654_550.jpg"
    ],
    "title": "Раскраска «Любовь»",
    "price": "897 ₸",
    "oldPrice": "1 196 ₸",
    "description": "мягкая обложка, 2023Феникс +, Раскраски-мандалы",
    "rating": "5.0",
    "reviewsCount": "5 отзывов",
    "tags": [],
    "subsection": 1
  },
  {
    "id": 3204857,
    "imgUrls": [
      "//s.f.kz/prod/3205/3204857_550.jpg",
      "//s.f.kz/prod/photo/4827/4826475_550.jpg"
    ],
    "title": "Мандалы энергии Рода. Твоё духовное наследие",
    "price": "1 250 ₸",
    "oldPrice": "",
    "description": "мягкая обложка, 2023АСТ, Мандалы для релакса",
    "rating": "",
    "reviewsCount": "",
    "tags": [],
    "subsection": 1
  },
  {
    "id": 2151536,
    "imgUrls": [
      "//s.f.kz/prod/2152/2151536_550.jpg"
    ],
    "title": "Раскраска для сильно уставших",
    "price": "1 105 ₸",
    "oldPrice": "",
    "description": "мягкая обложка, 2021АСТ, Магическая Арт-Терапия",
    "rating": "5.0",
    "reviewsCount": "3 отзыва",
    "tags": [],
    "subsection": 1
  },
  {
    "id": 608596,
    "imgUrls": [
      "//s.f.kz/prod/609/608596_550.jpg"
    ],
    "title": "Логопедический массаж. Игры и упражнения",
    "price": "881 ₸",
    "oldPrice": "",
    "description": "мягкая обложка, 2022Сфера, Библиотека логопеда",
    "rating": "5.0",
    "reviewsCount": "21 отзыв",
    "tags": [],
    "subsection": 1
  },
  {
    "id": 64977,
    "imgUrls": [
      "//s.f.kz/prod/65/64977_550.jpg"
    ],
    "title": "Занимательный букварь",
    "price": "2 817 ₸",
    "oldPrice": "",
    "description": "мягкая обложка, 2021ГНОМ и Д, Гном",
    "rating": "5.0",
    "reviewsCount": "3 отзыва",
    "tags": [],
    "subsection": 1
  },
  {
    "id": 361526,
    "imgUrls": [
      "//s.f.kz/prod/362/361526_550.jpg"
    ],
    "title": "Логопедический букварь",
    "price": "2 103 ₸",
    "oldPrice": "2 629 ₸",
    "description": "твердый переплет, 2021Махаон, Академия дошколят",
    "rating": "5.0",
    "reviewsCount": "11 отзывов",
    "tags": [],
    "subsection": 1
  },
  {
    "id": 1585893,
    "imgUrls": [
      "//s.f.kz/prod/1586/1585893_550.jpg"
    ],
    "title": "Большие логопедические прописи",
    "price": "1 776 ₸",
    "oldPrice": "",
    "description": "мягкая обложка, 2020АСТ, Логопедические прописи",
    "rating": "4.7",
    "reviewsCount": "9 отзывов",
    "tags": [],
    "subsection": 1
  },
  {
    "id": 3139735,
    "imgUrls": [
      "//s.f.kz/prod/3140/3139735_550.jpg"
    ],
    "title": "Логопедические домашние задания. Альбом 1",
    "price": "809 ₸",
    "oldPrice": "",
    "description": "мягкая обложка, 2023Гном",
    "rating": "5.0",
    "reviewsCount": "1 отзыв",
    "tags": [],
    "subsection": 1
  },
  {
    "id": 221348,
    "imgUrls": [
      "//s.f.kz/prod/222/221348_550.jpg"
    ],
    "title": "Логопедия",
    "price": "3 223 ₸",
    "oldPrice": "",
    "description": "твердый переплет, 2011Эксмо, Жукова",
    "rating": "5.0",
    "reviewsCount": "2 отзыва",
    "tags": [],
    "subsection": 1
  },
  {
    "id": 204009,
    "imgUrls": [
      "//s.f.kz/prod/205/204009_550.jpg",
      "//s.f.kz/prod/photo/21/20145_550.jpg",
      "//s.f.kz/prod/photo/21/20146_550.jpg",
      "//s.f.kz/prod/photo/21/20147_550.jpg"
    ],
    "title": "Блаблокнот для совещаний. Утро",
    "price": "648 ₸",
    "oldPrice": "",
    "description": "мягкая обложка, 2011Издательский дом Мещерякова",
    "rating": "5.0",
    "reviewsCount": "2 отзыва",
    "tags": [],
    "subsection": 1
  },
  {
    "id": 256063,
    "imgUrls": [
      "//s.f.kz/prod/257/256063_550.jpg"
    ],
    "title": "Трансерфинг реальности. Ступень I-V",
    "price": "16 409 ₸",
    "oldPrice": "",
    "description": "твердый переплет, 2022Весь, Пробуждение сознания",
    "rating": "4.9",
    "reviewsCount": "17 отзывов",
    "tags": [],
    "subsection": 1
  },
  {
    "id": 2916814,
    "imgUrls": [
      "//s.f.kz/prod/2917/2916814_550.jpg",
      "//s.f.kz/prod/photo/3920/3919513_550.jpg"
    ],
    "title": "Древний. Вторжение. Расплата",
    "price": "6 686 ₸",
    "oldPrice": "8 358 ₸",
    "description": "твердый переплет, 2023АСТ, Фантастическая сага: коллекция",
    "rating": "5.0",
    "reviewsCount": "1 отзыв",
    "tags": [],
    "subsection": 1
  },
  {
    "id": 808081,
    "imgUrls": [
      "//s.f.kz/prod/809/808081_550.jpg"
    ],
    "title": "Притчи и байки советской эпохи",
    "price": "3 321 ₸",
    "oldPrice": "",
    "description": "твердый переплет, 2017АСТ, Подарочная книга на века",
    "rating": "",
    "reviewsCount": "",
    "tags": [],
    "subsection": 1
  },
  {
    "id": 1544844,
    "imgUrls": [
      "//s.f.kz/prod/1545/1544844_550.jpg"
    ],
    "title": "Воскреситель, или Анатомия фантастических существ",
    "price": "7 673 ₸",
    "oldPrice": "",
    "description": "твердый переплет, 2019АСТ, Самая страшная книга (подарочная)",
    "rating": "4.9",
    "reviewsCount": "23 отзыва",
    "tags": [],
    "subsection": 1
  },
  {
    "id": 2970182,
    "imgUrls": [
      "//s.f.kz/prod/2971/2970182_550.jpg"
    ],
    "title": "Олимпия Клевская",
    "price": "47 100 ₸",
    "oldPrice": "",
    "description": "твердый переплет, 2012Интрейд Корпорейшн",
    "rating": "",
    "reviewsCount": "",
    "tags": [],
    "subsection": 1
  },
  {
    "id": 439753,
    "imgUrls": [
      "//s.f.kz/prod/440/439753_550.jpg"
    ],
    "title": "История Казахстана. Учебник для ВУЗов",
    "price": "2 500 ₸",
    "oldPrice": "",
    "description": "твердый переплет, 2013Алматыкітап баспасы",
    "rating": "4.7",
    "reviewsCount": "10 отзывов",
    "tags": [],
    "subsection": 1
  },
  {
    "id": 308477,
    "imgUrls": [
      "//s.f.kz/prod/309/308477_240.jpg"
    ],
    "title": "Қазақстан Республикасында банктік жүйесінің дамуы",
    "price": "3 813 ₸",
    "oldPrice": "",
    "description": "мягкая обложка, 2014LEM",
    "rating": "",
    "reviewsCount": "",
    "tags": [],
    "subsection": 1
  },
  {
    "id": 1417681,
    "imgUrls": [
      "//s.f.kz/prod/1418/1417681_550.jpg",
      "//s.f.kz/prod/photo/5550/5549079_550.jpg"
    ],
    "title": "Қазақстан тарихы. Оқулық",
    "price": "4 010 ₸",
    "oldPrice": "5 012 ₸",
    "description": "твердый переплетФолиант",
    "rating": "",
    "reviewsCount": "",
    "tags": [],
    "subsection": 1
  },
  {
    "id": 43304,
    "imgUrls": [
      "//s.f.kz/prod/44/43304_550.jpg"
    ],
    "title": "История Казахстана",
    "price": "1 875 ₸",
    "oldPrice": "",
    "description": "твердый переплет, 2011Алматыкітап баспасы",
    "rating": "4.8",
    "reviewsCount": "9 отзывов",
    "tags": [],
    "subsection": 1
  },
  {
    "id": 1182923,
    "imgUrls": [
      "//s.f.kz/prod/1183/1182923_550.jpg"
    ],
    "title": "Казахстан в Российской империи",
    "price": "3 750 ₸",
    "oldPrice": "",
    "description": "твердый переплет, 2018Институт Азиатских Исследований",
    "rating": "4.8",
    "reviewsCount": "9 отзывов",
    "tags": [],
    "subsection": 1
  },
  {
    "id": 2761528,
    "imgUrls": [
      "//s.f.kz/prod/2762/2761528_550.jpg"
    ],
    "title": "Конный мир казахов",
    "price": "23 750 ₸",
    "oldPrice": "",
    "description": "твердый переплет, 2022Алматыкітап баспасы",
    "rating": "",
    "reviewsCount": "",
    "tags": [],
    "subsection": 1
  },
  {
    "id": 848391,
    "imgUrls": [
      "//s.f.kz/prod/849/848391_550.jpg"
    ],
    "title": "Букварь",
    "price": "436 ₸",
    "oldPrice": "582 ₸",
    "description": "мягкая обложка, 2017УМка",
    "rating": "5.0",
    "reviewsCount": "16 отзывов",
    "tags": [],
    "subsection": 1
  },
  {
    "id": 2645664,
    "imgUrls": [
      "//s.f.kz/prod/2646/2645664_550.jpg",
      "//s.f.kz/prod/photo/3145/3144084_550.jpg",
      "//s.f.kz/prod/photo/3145/3144085_550.jpg",
      "//s.f.kz/prod/photo/3145/3144086_550.jpg"
    ],
    "title": "Азбука",
    "price": "2 045 ₸",
    "oldPrice": "",
    "description": "переплет из картона, 2022Malamalama, Аль Пако, Играй и учись",
    "rating": "",
    "reviewsCount": "",
    "tags": [],
    "subsection": 1
  },
  {
    "id": 2402264,
    "imgUrls": [
      "//s.f.kz/prod/2403/2402264_550.jpg"
    ],
    "title": "Энциклопедия в сказках «Азбука в сказках»",
    "price": "459 ₸",
    "oldPrice": "612 ₸",
    "description": "мягкая обложка, 2021УМка",
    "rating": "",
    "reviewsCount": "",
    "tags": [],
    "subsection": 1
  },
  {
    "id": 2027900,
    "imgUrls": [
      "//s.f.kz/prod/2028/2027900_550.jpg"
    ],
    "title": "Космос. Книжка с окошками",
    "price": "2 696 ₸",
    "oldPrice": "",
    "description": "переплет из картона, 2021Malamalama, Книжка с окошками",
    "rating": "4.7",
    "reviewsCount": "3 отзыва",
    "tags": [],
    "subsection": 1
  },
  {
    "id": 1786650,
    "imgUrls": [
      "//s.f.kz/prod/1787/1786650_550.jpg",
      "//s.f.kz/prod/photo/1442/1441692_550.jpg",
      "//s.f.kz/prod/photo/1442/1441693_550.jpg",
      "//s.f.kz/prod/photo/1442/1441694_550.jpg"
    ],
    "title": "Азбука. Синий трактор",
    "price": "5 647 ₸",
    "oldPrice": "7 529 ₸",
    "description": "переплет из картона, 2019УМка, Говорящая азбука",
    "rating": "",
    "reviewsCount": "",
    "tags": [],
    "subsection": 1
  },
  {
    "id": 1555749,
    "imgUrls": [
      "//s.f.kz/prod/1556/1555749_550.jpg"
    ],
    "title": "Умные игры с картами. Абвгдешка",
    "price": "791 ₸",
    "oldPrice": "989 ₸",
    "description": "2019Айрис-пресс, Умные игры с картами",
    "rating": "5.0",
    "reviewsCount": "2 отзыва",
    "tags": [],
    "subsection": 1
  },
  {
    "id": 3005185,
    "imgUrls": [
      "//s.f.kz/prod/3006/3005185_550.jpg",
      "//s.f.kz/prod/photo/4177/4176618_550.jpg"
    ],
    "title": "Уфологи в штатском. Как спецслужбы работают",
    "price": "3 223 ₸",
    "oldPrice": "",
    "description": "мягкая обложка, 2023Индивидуум паблишинг",
    "rating": "",
    "reviewsCount": "",
    "tags": [],
    "subsection": 1
  },
  {
    "id": 606437,
    "imgUrls": [
      "//s.f.kz/prod/607/606437_550.jpg"
    ],
    "title": "По ту сторону Леты",
    "price": "2 981 ₸",
    "oldPrice": "",
    "description": "твердый переплет, 2015ПРОЗАиК",
    "rating": "",
    "reviewsCount": "",
    "tags": [],
    "subsection": 1
  },
  {
    "id": 254049,
    "imgUrls": [
      "//s.f.kz/prod/255/254049_550.jpg"
    ],
    "title": "Тайная жизнь великих кинорежиссеров",
    "price": "2 811 ₸",
    "oldPrice": "",
    "description": "твердый переплет, 2012Книжный клуб 36.6",
    "rating": "",
    "reviewsCount": "",
    "tags": [],
    "subsection": 1
  },
  {
    "id": 583818,
    "imgUrls": [
      "//s.f.kz/prod/584/583818_550.jpg"
    ],
    "title": "Эверест. Смертельное восхождение",
    "price": "2 780 ₸",
    "oldPrice": "",
    "description": "твердый переплет, 2015Эксмо, Кинопремьера мирового масштаба",
    "rating": "5.0",
    "reviewsCount": "34 отзыва",
    "tags": [],
    "subsection": 1
  },
  {
    "id": 177806,
    "imgUrls": [
      "//s.f.kz/prod/178/177806_550.jpg"
    ],
    "title": "Великие загадки Древнего Египта",
    "price": "5 450 ₸",
    "oldPrice": "",
    "description": "твердый переплет, 2022ЛомоносовЪ, История. География. Этнография",
    "rating": "",
    "reviewsCount": "",
    "tags": [],
    "subsection": 1
  },
  {
    "id": 258940,
    "imgUrls": [
      "//s.f.kz/prod/259/258940_550.jpg"
    ],
    "title": "Мэрилин Монро. Страсть, рассказанная ею самой",
    "price": "4 657 ₸",
    "oldPrice": "",
    "description": "твердый переплет, 2012Яуза, Уникальная автобиография женщины-эпохи",
    "rating": "5.0",
    "reviewsCount": "3 отзыва",
    "tags": [],
    "subsection": 1
  },
  {
    "id": 2268376,
    "imgUrls": [
      "//s.f.kz/prod/2269/2268376_550.jpg"
    ],
    "title": "Тесты для дошкольников",
    "price": "1 899 ₸",
    "oldPrice": "2 374 ₸",
    "description": "твердый переплет, 2021Росмэн, Развитие ребенка. Большие сборники тестов",
    "rating": "",
    "reviewsCount": "",
    "tags": [],
    "subsection": 1
  },
  {
    "id": 2375517,
    "imgUrls": [
      "//s.f.kz/prod/2376/2375517_550.jpg"
    ],
    "title": "Учим цифры с монстриками",
    "price": "1 049 ₸",
    "oldPrice": "1 399 ₸",
    "description": "мягкая обложка, 2022Феникс, Пиши-читай",
    "rating": "5.0",
    "reviewsCount": "1 отзыв",
    "tags": [],
    "subsection": 1
  },
  {
    "id": 2773557,
    "imgUrls": [
      "//s.f.kz/prod/2774/2773557_550.jpg"
    ],
    "title": "Все, что должен знать ребенок. 6-7 лет",
    "price": "1 295 ₸",
    "oldPrice": "",
    "description": "мягкая обложка, 2022Проф-Пресс, Все, что должен знать ребенок",
    "rating": "",
    "reviewsCount": "",
    "tags": [],
    "subsection": 1
  },
  {
    "id": 2729389,
    "imgUrls": [
      "//s.f.kz/prod/2730/2729389_550.jpg",
      "//s.f.kz/prod/photo/3350/3349623_550.jpg",
      "//s.f.kz/prod/photo/3350/3349624_550.jpg"
    ],
    "title": "Скоро в школу. Чтение",
    "price": "1 596 ₸",
    "oldPrice": "",
    "description": "мягкая обложка, 2023Malamalama, Скоро в школу",
    "rating": "",
    "reviewsCount": "",
    "tags": [],
    "subsection": 1
  },
  {
    "id": 2522477,
    "imgUrls": [
      "//s.f.kz/prod/2523/2522477_550.jpg"
    ],
    "title": "Азбука. Тетрадь для подготовки к школе",
    "price": "1 578 ₸",
    "oldPrice": "",
    "description": "мягкая обложка, 2022Легион",
    "rating": "",
    "reviewsCount": "",
    "tags": [],
    "subsection": 1
  },
  {
    "id": 2783391,
    "imgUrls": [
      "//s.f.kz/prod/2784/2783391_550.jpg",
      "//s.f.kz/prod/photo/3495/3494133_550.jpg"
    ],
    "title": "Интенсивный курс подготовки",
    "price": "880 ₸",
    "oldPrice": "1 174 ₸",
    "description": "мягкая обложка, 2022УМка, 3 месяца до школы",
    "rating": "",
    "reviewsCount": "",
    "tags": [],
    "subsection": 1
  },
  {
    "id": 2567924,
    "imgUrls": [
      "//s.f.kz/prod/2568/2567924_550.jpg"
    ],
    "title": "Стикеры-закладки",
    "price": "355 ₸",
    "oldPrice": "474 ₸",
    "description": "40 шт., пластик, 5 × 5 см; 5,2 × 7,3 см Феникс +",
    "rating": "5.0",
    "reviewsCount": "2 отзыва",
    "tags": [],
    "subsection": 1
  },
  {
    "id": 2859251,
    "imgUrls": [
      "//s.f.kz/prod/2860/2859251_550.jpg",
      "//s.f.kz/prod/photo/3713/3712282_550.jpg",
      "//s.f.kz/prod/photo/3713/3712283_550.jpg",
      "//s.f.kz/prod/photo/3713/3712284_550.jpg"
    ],
    "title": "Набор закладок магнитных",
    "price": "362 ₸",
    "oldPrice": "483 ₸",
    "description": "2 шт., мелованная бумага, 4,5 × 8,9 смФеникс +, Манга",
    "rating": "",
    "reviewsCount": "",
    "tags": [],
    "subsection": 1
  },
  {
    "id": 3092058,
    "imgUrls": [
      "//s.f.kz/prod/3093/3092058_550.jpg",
      "//s.f.kz/prod/photo/4486/4485845_550.jpg"
    ],
    "title": "Набор календарей-закладок на 2024 год «Witch spirit»",
    "price": "1 253 ₸",
    "oldPrice": "",
    "description": "12 шт., 5,5 × 18 смЭксмо, Календари-закладки с перфорацией",
    "rating": "",
    "reviewsCount": "",
    "tags": [],
    "subsection": 1
  },
  {
    "id": 2567966,
    "imgUrls": [
      "//s.f.kz/prod/2568/2567966_550.jpg"
    ],
    "title": "Стикеры-закладки",
    "price": "671 ₸",
    "oldPrice": "895 ₸",
    "description": "120 шт., пластик, 2,2 × 7,2 см Феникс +",
    "rating": "5.0",
    "reviewsCount": "1 отзыв",
    "tags": [],
    "subsection": 1
  },
  {
    "id": 2478093,
    "imgUrls": [
      "//s.f.kz/prod/2479/2478093_550.jpg"
    ],
    "title": "Набор закладок для книг",
    "price": "307 ₸",
    "oldPrice": "",
    "description": "3 шт., ткань, 1,2 × 37 см ArtSpace",
    "rating": "5.0",
    "reviewsCount": "6 отзывов",
    "tags": [],
    "subsection": 1
  },
  {
    "id": 2778035,
    "imgUrls": [
      "//s.f.kz/prod/2779/2778035_550.jpg",
      "//s.f.kz/prod/photo/3478/3477514_550.jpg"
    ],
    "title": "Набор закладок «Juisy cat»",
    "price": "555 ₸",
    "oldPrice": "",
    "description": "3 шт., винил, картонMESHU",
    "rating": "5.0",
    "reviewsCount": "2 отзыва",
    "tags": [],
    "subsection": 1
  },
  {
    "id": 3373036,
    "imgUrls": [
      "//s.f.kz/prod/3374/3373036_550.jpg",
      "//s.f.kz/prod/photo/5467/5466242_550.jpg"
    ],
    "title": "Железное пламя",
    "price": "6 990 ₸",
    "oldPrice": "",
    "description": "твердый переплет, 2024Кислород",
    "rating": "",
    "reviewsCount": "",
    "tags": [],
    "subsection": 1
  },
  {
    "id": 2758814,
    "imgUrls": [
      "//s.f.kz/prod/2759/2758814_550.jpg",
      "//s.f.kz/prod/photo/3420/3419554_550.jpg"
    ],
    "title": "Маленькие женщины",
    "price": "949 ₸",
    "oldPrice": "",
    "description": "мягкая обложка, 2023АСТ, Эксклюзивная классика",
    "rating": "4.8",
    "reviewsCount": "175 отзывов",
    "tags": [],
    "subsection": 1
  },
  {
    "id": 616016,
    "imgUrls": [
      "//s.f.kz/prod/617/616016_550.jpg"
    ],
    "title": "Дневник памяти",
    "price": "1 249 ₸",
    "oldPrice": "",
    "description": "мягкая обложка, 2015АСТ, Эксклюзивная классика",
    "rating": "4.9",
    "reviewsCount": "371 отзыв",
    "tags": [],
    "subsection": 1
  },
  {
    "id": 2279264,
    "imgUrls": [
      "//s.f.kz/prod/2280/2279264_550.jpg"
    ],
    "title": "Благословение небожителей. Том 1",
    "price": "5 190 ₸",
    "oldPrice": "",
    "description": "твердый переплет, 2021Комильфо, Благословение небожителей",
    "rating": "5.0",
    "reviewsCount": "168 отзывов",
    "tags": [],
    "subsection": 1
  },
  {
    "id": 1538677,
    "imgUrls": [
      "//s.f.kz/prod/1539/1538677_550.jpg",
      "//s.f.kz/prod/photo/5601/5600366_550.jpg"
    ],
    "title": "Атомные привычки",
    "price": "3 742 ₸",
    "oldPrice": "4 990 ₸",
    "description": "твердый переплет, 2022Прогресс книга, Сам себе психолог",
    "rating": "4.9",
    "reviewsCount": "256 отзывов",
    "tags": [],
    "subsection": 1
  },
  {
    "id": 3210422,
    "imgUrls": [
      "//s.f.kz/prod/3211/3210422_550.jpg",
      "//s.f.kz/prod/photo/4849/4848053_550.jpg",
      "//s.f.kz/prod/photo/4849/4848054_550.jpg",
      "//s.f.kz/prod/photo/4849/4848055_550.jpg"
    ],
    "title": "Зацепить 13-го",
    "price": "4 040 ₸",
    "oldPrice": "",
    "description": "мягкая обложка, 2024Азбука, Суперпроект",
    "rating": "5.0",
    "reviewsCount": "12 отзывов",
    "tags": [],
    "subsection": 1
  }
]