[
  {
    "subsection": 1,
    "categories": []
  },
  {
    "subsection": 2,
    "categories": [
      {
        "name": "Книги",
        "link": "/catalog?subsection=1"
      }
    ]
  },
  {
    "subsection": 3,
    "categories": [
      {
        "name": "Книги",
        "link": "/catalog?subsection=1"
      },
      {
        "name": "Компьютеры и Интернет",
        "link": "/catalog?subsection=2"
      }
    ]
  },
  {
    "subsection": 4,
    "categories": [
      {
        "name": "Книги",
        "link": "/catalog?subsection=1"
      },
      {
        "name": "Компьютеры и Интернет",
        "link": "/catalog?subsection=2"
      },
      {
        "name": "Базы данных",
        "link": "/catalog?subsection=3"
      }
    ]
  },
  {
    "subsection": 5,
    "categories": [
      {
        "name": "Книги",
        "link": "/catalog?subsection=1"
      },
      {
        "name": "Компьютеры и Интернет",
        "link": "/catalog?subsection=2"
      },
      {
        "name": "Базы данных",
        "link": "/catalog?subsection=3"
      }
    ]
  },
  {
    "subsection": 6,
    "categories": [
      {
        "name": "Книги",
        "link": "/catalog?subsection=1"
      },
      {
        "name": "Компьютеры и Интернет",
        "link": "/catalog?subsection=2"
      },
      {
        "name": "Базы данных",
        "link": "/catalog?subsection=3"
      }
    ]
  },
  {
    "subsection": 7,
    "categories": [
      {
        "name": "Книги",
        "link": "/catalog?subsection=1"
      },
      {
        "name": "Компьютеры и Интернет",
        "link": "/catalog?subsection=2"
      },
      {
        "name": "Базы данных",
        "link": "/catalog?subsection=3"
      }
    ]
  },
  {
    "subsection": 8,
    "categories": [
      {
        "name": "Книги",
        "link": "/catalog?subsection=1"
      },
      {
        "name": "Компьютеры и Интернет",
        "link": "/catalog?subsection=2"
      },
      {
        "name": "Базы данных",
        "link": "/catalog?subsection=3"
      }
    ]
  },
  {
    "subsection": 9,
    "categories": [
      {
        "name": "Книги",
        "link": "/catalog?subsection=1"
      },
      {
        "name": "Компьютеры и Интернет",
        "link": "/catalog?subsection=2"
      },
      {
        "name": "Базы данных",
        "link": "/catalog?subsection=3"
      }
    ]
  }
]